team_id,team_name,season_id,season_name,season_year,matches_played,overall_win_pct,overall_avg_goals_per_match,overall_avg_scored,overall_avg_conceded,overall_btts_pct,overall_clean_sheet_pct,overall_avg_xg,overall_avg_xga,home_matches_played,home_win_pct,home_avg_goals_per_match,home_avg_scored,home_avg_conceded,home_btts_pct,home_clean_sheet_pct,home_avg_xg,home_avg_xga,away_matches_played,away_win_pct,away_avg_goals_per_match,away_avg_scored,away_avg_conceded,away_btts_pct,away_clean_sheet_pct,away_avg_xg,away_avg_xga
7295,Radomiak Radom,76477,Ekstraklasa 25/26,25/26,17,41.2,1.94,1.94,1.65,76.5,17.6,1.30,1.23,9,66.7,3.22,2.44,0.78,66.7,33.3,1.57,0.94,8,12.5,4.00,1.38,2.63,87.5,0.0,0.99,1.55
7913,KS Lechia Gdańsk,76477,Ekstraklasa 25/26,25/26,17,35.3,1.88,1.88,2.06,76.5,11.8,1.27,1.46,8,50.0,3.75,2.25,1.50,75.0,25.0,1.67,1.32,9,22.2,4.11,1.56,2.56,77.8,0.0,0.91,1.58
3121,Lech Poznań,76477,Ekstraklasa 25/26,25/26,16,37.5,1.69,1.69,1.50,75.0,25.0,1.75,1.05,9,33.3,3.67,1.89,1.78,100.0,0.0,1.66,1.04,7,42.9,2.57,1.43,1.14,42.9,57.1,1.87,1.06
3113,Zagłębie Lubin,76477,Ekstraklasa 25/26,25/26,16,31.3,1.75,1.75,1.44,68.8,25.0,1.43,1.39,8,50.0,3.50,2.50,1.00,62.5,37.5,1.69,0.99,8,12.5,2.88,1.00,1.88,75.0,12.5,1.18,1.80
3117,Pogoń Szczecin,76477,Ekstraklasa 25/26,25/26,17,35.3,1.53,1.53,1.76,64.7,5.9,1.95,1.66,8,62.5,4.00,2.38,1.63,75.0,12.5,2.62,1.56,9,11.1,2.67,0.78,1.89,55.6,0.0,1.36,1.74
36851,Bruk-Bet Termalica Nieciecza,76477,Ekstraklasa 25/26,25/26,17,23.5,1.29,1.29,2.00,64.7,17.6,1.45,1.74,8,12.5,3.25,1.13,2.13,62.5,12.5,1.10,1.84,9,33.3,3.33,1.44,1.89,66.7,22.2,1.76,1.65
3106,Legia Warszawa,76477,Ekstraklasa 25/26,25/26,16,25.0,1.19,1.19,1.13,62.5,31.3,1.51,0.96,8,37.5,2.13,1.38,0.75,50.0,50.0,1.51,0.80,8,12.5,2.50,1.00,1.50,75.0,12.5,1.50,1.12
7915,Motor Lublin,76477,Ekstraklasa 25/26,25/26,16,25.0,1.38,1.38,1.63,62.5,25.0,1.41,1.49,8,25.0,2.63,1.38,1.25,62.5,37.5,1.74,1.37,8,25.0,3.38,1.38,2.00,62.5,12.5,1.08,1.62
35268,Raków Częstochowa,76477,Ekstraklasa 25/26,25/26,16,50.0,1.56,1.56,1.38,62.5,18.8,1.39,1.00,7,28.6,2.71,1.29,1.43,71.4,14.3,0.93,0.62,9,66.7,3.11,1.78,1.33,55.6,22.2,1.75,1.30
7691,Jagiellonia Białystok,76477,Ekstraklasa 25/26,25/26,15,53.3,1.80,1.80,1.20,60.0,33.3,1.47,1.71,7,71.4,4.14,2.57,1.57,57.1,28.6,1.88,1.69,8,37.5,2.00,1.13,0.88,62.5,37.5,1.10,1.73
3115,Widzew Łódź,76477,Ekstraklasa 25/26,25/26,17,35.3,1.47,1.47,1.53,58.8,23.5,1.45,1.38,9,44.4,2.56,1.44,1.11,55.6,33.3,1.40,1.28,8,25.0,3.50,1.50,2.00,62.5,12.5,1.51,1.48
3122,Wisła Płock,76477,Ekstraklasa 25/26,25/26,16,43.8,1.25,1.25,0.69,56.3,31.3,1.27,1.05,9,66.7,1.89,1.44,0.44,33.3,55.6,1.52,1.11,7,14.3,2.00,1.00,1.00,85.7,0.0,0.94,0.96
7918,Piast Gliwice,76477,Ekstraklasa 25/26,25/26,15,20.0,1.07,1.07,1.27,53.3,20.0,0.92,1.45,7,14.3,2.00,0.86,1.14,42.9,28.6,0.89,1.39,8,25.0,2.63,1.25,1.38,62.5,12.5,0.95,1.50
3110,Górnik Zabrze,76477,Ekstraklasa 25/26,25/26,17,52.9,1.59,1.59,1.12,52.9,23.5,1.36,1.12,9,66.7,3.11,2.11,1.00,66.7,11.1,1.82,0.91,8,37.5,2.25,1.00,1.25,37.5,37.5,0.84,1.36
4901,Cracovia,76477,Ekstraklasa 25/26,25/26,16,43.8,1.44,1.44,1.19,50.0,43.8,1.23,1.16,8,50.0,2.13,1.38,0.75,50.0,50.0,1.08,0.80,8,37.5,3.13,1.50,1.63,50.0,37.5,1.37,1.52
5064,MZKS Arka Gdynia,76477,Ekstraklasa 25/26,25/26,17,29.4,0.82,0.82,1.88,47.1,17.6,0.75,1.97,8,62.5,2.63,1.50,1.13,75.0,25.0,0.70,1.67,9,0.0,2.78,0.22,2.56,22.2,11.1,0.79,2.25
3112,GKS Katowice,76477,Ekstraklasa 25/26,25/26,16,37.5,1.44,1.44,1.69,43.8,18.8,1.55,1.74,9,44.4,2.89,1.44,1.44,44.4,22.2,1.81,1.65,7,28.6,3.43,1.43,2.00,42.9,14.3,1.20,1.86
5065,MKS Korona Kielce,76477,Ekstraklasa 25/26,25/26,17,35.3,1.18,1.18,1.06,41.2,35.3,1.52,1.38,8,50.0,2.38,1.38,1.00,25.0,50.0,1.75,1.50,9,22.2,2.11,1.00,1.11,55.6,22.2,1.31,1.28
4901,Cracovia,61236,Ekstraklasa 24/25,24/25,33,42.4,1.73,1.73,1.58,75.8,18.2,1.45,1.46,16,31.3,3.63,1.81,1.81,81.3,6.3,1.48,1.33,17,52.9,3.00,1.65,1.35,70.6,29.4,1.42,1.59
3106,Legia Warszawa,61236,Ekstraklasa 24/25,24/25,33,42.4,1.76,1.76,1.36,66.7,18.2,1.91,1.53,16,50.0,3.00,1.88,1.13,68.8,12.5,2.03,1.11,17,35.3,3.24,1.65,1.59,64.7,23.5,1.80,1.92
7295,Radomiak Radom,61236,Ekstraklasa 24/25,24/25,33,30.3,1.39,1.39,1.55,66.7,15.2,1.47,1.48,17,35.3,2.88,1.59,1.29,70.6,17.6,1.59,1.20,16,25.0,3.00,1.19,1.81,62.5,12.5,1.34,1.77
7913,KS Lechia Gdańsk,61236,Ekstraklasa 24/25,24/25,32,31.3,1.34,1.34,1.75,65.6,18.8,1.49,1.91,16,43.8,2.69,1.25,1.44,56.3,25.0,1.74,1.76,16,18.8,3.50,1.44,2.06,75.0,12.5,1.23,2.05
7691,Jagiellonia Białystok,61236,Ekstraklasa 24/25,24/25,33,48.5,1.64,1.64,1.27,63.6,30.3,1.68,1.49,16,50.0,3.13,1.94,1.19,68.8,31.3,1.85,1.29,17,47.1,2.71,1.35,1.35,58.8,29.4,1.52,1.67
38732,Stal Mielec,61236,Ekstraklasa 24/25,24/25,33,21.2,1.15,1.15,1.67,63.6,12.1,1.66,1.63,16,31.3,2.44,1.13,1.31,50.0,25.0,1.91,1.24,17,11.8,3.18,1.18,2.00,76.5,0.0,1.42,1.99
5065,MKS Korona Kielce,61236,Ekstraklasa 24/25,24/25,33,33.3,1.12,1.12,1.27,60.6,24.2,1.34,1.47,17,47.1,2.53,1.29,1.24,52.9,29.4,1.57,1.48,16,18.8,2.25,0.94,1.31,68.8,18.8,1.10,1.47
7915,Motor Lublin,61236,Ekstraklasa 24/25,24/25,32,40.6,1.44,1.44,1.78,59.4,18.8,1.61,1.74,16,43.8,3.13,1.63,1.50,62.5,25.0,1.62,1.62,16,37.5,3.31,1.25,2.06,56.3,12.5,1.60,1.85
3108,Śląsk Wrocław,61236,Ekstraklasa 24/25,24/25,33,18.2,1.12,1.12,1.58,57.6,12.1,1.44,1.49,16,25.0,2.56,1.25,1.31,68.8,12.5,1.48,1.51,17,11.8,2.82,1.00,1.82,47.1,11.8,1.40,1.48
38729,Puszcza Niepołomice,61236,Ekstraklasa 24/25,24/25,32,18.8,1.09,1.09,1.84,56.3,18.8,1.24,1.95,16,25.0,3.31,1.56,1.75,68.8,18.8,1.63,2.02,16,12.5,2.56,0.63,1.94,43.8,18.8,0.85,1.88
3121,Lech Poznań,61236,Ekstraklasa 24/25,24/25,33,63.6,2.00,2.00,0.94,51.5,39.4,1.68,1.29,16,87.5,3.50,2.75,0.75,56.3,37.5,2.06,1.17,17,41.2,2.41,1.29,1.12,47.1,41.2,1.32,1.40
3113,Zagłębie Lubin,61236,Ekstraklasa 24/25,24/25,33,30.3,1.00,1.00,1.48,51.5,18.2,1.45,1.56,17,35.3,2.53,1.12,1.41,52.9,23.5,1.41,1.59,16,25.0,2.44,0.88,1.56,50.0,12.5,1.48,1.54
3112,GKS Katowice,61236,Ekstraklasa 24/25,24/25,33,42.4,1.45,1.45,1.36,51.5,27.3,1.62,1.80,16,50.0,2.38,1.44,0.94,56.3,37.5,1.47,1.67,17,35.3,3.24,1.47,1.76,47.1,17.6,1.76,1.93
3115,Widzew Łódź,61236,Ekstraklasa 24/25,24/25,33,33.3,1.12,1.12,1.45,48.5,24.2,1.27,1.71,17,47.1,2.29,1.12,1.18,35.3,35.3,1.35,1.54,16,18.8,2.88,1.13,1.75,62.5,12.5,1.17,1.88
3110,Górnik Zabrze,61236,Ekstraklasa 24/25,24/25,32,40.6,1.28,1.28,1.09,46.9,31.3,1.43,1.29,17,47.1,2.29,1.41,0.88,41.2,41.2,1.53,1.18,15,33.3,2.47,1.13,1.33,53.3,20.0,1.32,1.42
35268,Raków Częstochowa,61236,Ekstraklasa 24/25,24/25,33,57.6,1.48,1.48,0.70,42.4,48.5,1.48,1.04,17,58.8,2.53,1.65,0.88,52.9,35.3,1.74,1.00,16,56.3,1.81,1.31,0.50,31.3,62.5,1.20,1.08
3117,Pogoń Szczecin,61236,Ekstraklasa 24/25,24/25,33,48.5,1.70,1.70,1.21,42.4,39.4,1.84,1.25,16,75.0,2.94,2.06,0.88,31.3,56.3,2.21,1.08,17,23.5,2.88,1.35,1.53,52.9,23.5,1.50,1.41
7918,Piast Gliwice,61236,Ekstraklasa 24/25,24/25,33,33.3,1.09,1.09,1.06,42.4,33.3,1.18,1.19,17,29.4,2.24,1.12,1.12,41.2,41.2,1.11,1.02,16,37.5,2.06,1.06,1.00,43.8,25.0,1.25,1.36
7691,Jagiellonia Białystok,52176,Ekstraklasa 23/24,23/24,32,53.1,2.28,2.28,1.28,71.9,28.1,1.90,1.28,16,68.8,3.56,2.63,0.94,56.3,43.8,2.06,1.11,16,37.5,3.56,1.94,1.63,87.5,12.5,1.74,1.45
3115,Widzew Łódź,52176,Ekstraklasa 23/24,23/24,32,37.5,1.28,1.28,1.31,62.5,21.9,1.31,1.34,16,50.0,2.31,1.13,1.19,43.8,31.3,1.48,1.15,16,25.0,2.88,1.44,1.44,81.3,12.5,1.15,1.52
35268,Raków Częstochowa,52176,Ekstraklasa 23/24,23/24,33,39.4,1.55,1.55,1.18,60.6,30.3,1.82,1.12,16,56.3,2.56,1.88,0.69,50.0,43.8,1.96,0.84,17,23.5,2.88,1.24,1.65,70.6,17.6,1.69,1.39
38729,Puszcza Niepołomice,52176,Ekstraklasa 23/24,23/24,32,28.1,1.13,1.13,1.31,59.4,25.0,1.22,1.65,17,41.2,2.53,1.35,1.18,70.6,23.5,1.44,1.49,15,13.3,2.33,0.87,1.47,46.7,26.7,0.98,1.83
3110,Górnik Zabrze,52176,Ekstraklasa 23/24,23/24,32,46.9,1.41,1.41,1.16,59.4,31.3,1.34,1.48,16,56.3,2.19,1.44,0.75,50.0,43.8,1.38,1.29,16,37.5,2.94,1.38,1.56,68.8,18.8,1.30,1.68
3123,ŁKS Łódź,52176,Ekstraklasa 23/24,23/24,32,18.8,1.06,1.06,2.19,59.4,6.3,1.17,1.95,17,29.4,3.29,1.35,1.94,64.7,5.9,1.32,2.09,15,6.7,3.20,0.73,2.47,53.3,6.7,1.01,1.79
3106,Legia Warszawa,52176,Ekstraklasa 23/24,23/24,33,45.5,1.45,1.45,1.18,57.6,27.3,1.62,1.09,16,43.8,2.50,1.44,1.06,62.5,31.3,1.85,0.97,17,47.1,2.76,1.47,1.29,52.9,23.5,1.40,1.19
3121,Lech Poznań,52176,Ekstraklasa 23/24,23/24,32,37.5,1.34,1.34,1.25,56.3,34.4,1.32,1.42,16,50.0,2.69,1.69,1.00,56.3,37.5,1.46,1.30,16,25.0,2.50,1.00,1.50,56.3,31.3,1.18,1.54
5065,MKS Korona Kielce,52176,Ekstraklasa 23/24,23/24,33,24.2,1.18,1.18,1.30,54.5,21.2,1.40,1.37,16,37.5,2.88,1.69,1.19,56.3,25.0,1.72,1.04,17,11.8,2.12,0.71,1.41,52.9,17.6,1.10,1.68
3105,Ruch Chorzów,52176,Ekstraklasa 23/24,23/24,32,15.6,1.16,1.16,1.66,53.1,21.9,1.35,1.71,16,18.8,2.56,1.19,1.38,50.0,31.3,1.66,1.35,16,12.5,3.06,1.13,1.94,56.3,12.5,1.04,2.07
38732,Stal Mielec,52176,Ekstraklasa 23/24,23/24,32,34.4,1.25,1.25,1.44,53.1,25.0,0.96,1.64,15,53.3,2.53,1.53,1.00,53.3,40.0,1.08,1.43,17,17.6,2.82,1.00,1.82,52.9,11.8,0.87,1.83
3113,Zagłębie Lubin,52176,Ekstraklasa 23/24,23/24,32,34.4,1.22,1.22,1.50,53.1,28.1,1.43,1.52,16,37.5,2.13,1.06,1.06,56.3,37.5,1.46,1.32,16,31.3,3.31,1.38,1.94,50.0,18.8,1.41,1.72
3108,Śląsk Wrocław,52176,Ekstraklasa 23/24,23/24,32,56.3,1.50,1.50,0.88,50.0,40.6,1.47,1.23,16,56.3,2.38,1.63,0.75,50.0,37.5,1.81,0.82,16,56.3,2.38,1.38,1.00,50.0,43.8,1.12,1.63
7918,Piast Gliwice,52176,Ekstraklasa 23/24,23/24,32,28.1,1.16,1.16,1.03,46.9,40.6,1.54,1.09,16,43.8,2.31,1.50,0.81,43.8,56.3,1.56,0.75,16,12.5,2.06,0.81,1.25,50.0,25.0,1.52,1.43
7295,Radomiak Radom,52176,Ekstraklasa 23/24,23/24,32,28.1,1.22,1.22,1.75,46.9,18.8,1.57,1.66,17,23.5,2.82,1.18,1.65,58.8,5.9,1.98,1.68,15,33.3,3.13,1.27,1.87,33.3,33.3,1.12,1.63
4901,Cracovia,52176,Ekstraklasa 23/24,23/24,33,24.2,1.30,1.30,1.33,45.5,30.3,1.38,1.50,17,29.4,3.35,1.88,1.47,52.9,29.4,1.65,1.43,16,18.8,1.88,0.69,1.19,37.5,31.3,1.10,1.57
3117,Pogoń Szczecin,52176,Ekstraklasa 23/24,23/24,32,43.8,1.75,1.75,1.16,43.8,31.3,1.80,1.16,16,50.0,3.56,2.06,1.50,50.0,25.0,1.97,1.00,16,37.5,2.25,1.44,0.81,37.5,37.5,1.63,1.32
7922,Warta Poznań,52176,Ekstraklasa 23/24,23/24,32,25.0,0.97,0.97,1.31,40.6,25.0,1.00,1.44,15,26.7,2.13,1.00,1.13,46.7,20.0,1.03,1.17,17,23.5,2.41,0.94,1.47,35.3,29.4,0.97,1.69
7691,Jagiellonia Białystok,42004,Ekstraklasa 22/23,22/23,32,25.0,1.44,1.44,1.47,75.0,12.5,1.41,1.81,15,46.7,3.20,1.87,1.33,80.0,20.0,1.79,1.74,17,5.9,2.65,1.06,1.59,70.6,5.9,1.07,1.87
3117,Pogoń Szczecin,42004,Ekstraklasa 22/23,22/23,33,48.5,1.67,1.67,1.36,63.6,24.2,1.85,1.36,16,56.3,3.31,1.94,1.38,62.5,25.0,1.91,1.18,17,41.2,2.76,1.41,1.35,64.7,23.5,1.78,1.54
5065,MKS Korona Kielce,42004,Ekstraklasa 22/23,22/23,32,34.4,1.19,1.19,1.41,59.4,25.0,1.41,1.53,16,50.0,2.25,1.13,1.13,50.0,25.0,1.49,1.47,16,18.8,2.94,1.25,1.69,68.8,25.0,1.33,1.59
3122,Wisła Płock,42004,Ekstraklasa 22/23,22/23,32,25.0,1.06,1.06,1.56,59.4,15.6,1.16,1.81,16,43.8,2.25,1.25,1.00,56.3,31.3,1.31,1.72,16,6.3,3.00,0.88,2.13,62.5,0.0,1.00,1.91
35330,Miedź Legnica,42004,Ekstraklasa 22/23,22/23,33,12.1,0.97,0.97,1.64,57.6,12.1,1.07,1.72,17,17.6,2.29,0.94,1.35,52.9,17.6,1.02,1.49,16,6.3,2.94,1.00,1.94,62.5,6.3,1.13,1.96
3108,Śląsk Wrocław,42004,Ekstraklasa 22/23,22/23,33,27.3,1.06,1.06,1.45,57.6,15.2,1.03,1.21,17,35.3,2.71,1.35,1.35,64.7,11.8,1.22,1.15,16,18.8,2.31,0.75,1.56,50.0,18.8,0.83,1.28
3106,Legia Warszawa,42004,Ekstraklasa 22/23,22/23,33,57.6,1.70,1.70,1.09,51.5,36.4,1.56,1.06,17,70.6,3.24,2.24,1.00,64.7,35.3,1.65,1.09,16,43.8,2.31,1.13,1.19,37.5,37.5,1.46,1.03
3110,Górnik Zabrze,42004,Ekstraklasa 22/23,22/23,33,39.4,1.36,1.36,1.24,51.5,33.3,1.49,1.28,16,37.5,2.75,1.44,1.31,56.3,31.3,1.79,1.18,17,41.2,2.47,1.29,1.18,47.1,35.3,1.21,1.38
3121,Lech Poznań,42004,Ekstraklasa 22/23,22/23,33,51.5,1.55,1.55,0.82,45.5,48.5,1.69,1.15,16,56.3,2.38,1.56,0.81,31.3,56.3,1.81,1.09,17,47.1,2.35,1.53,0.82,58.8,41.2,1.58,1.20
4901,Cracovia,42004,Ekstraklasa 22/23,22/23,32,31.3,1.16,1.16,1.09,43.8,31.3,1.33,1.39,16,43.8,1.94,1.31,0.63,31.3,43.8,1.55,0.99,16,18.8,2.56,1.00,1.56,56.3,18.8,1.11,1.80
3115,Widzew Łódź,42004,Ekstraklasa 22/23,22/23,32,31.3,1.09,1.09,1.41,43.8,34.4,1.50,1.42,17,29.4,2.94,1.29,1.65,52.9,29.4,1.68,1.43,15,33.3,2.00,0.87,1.13,33.3,40.0,1.29,1.40
3113,Zagłębie Lubin,42004,Ekstraklasa 22/23,22/23,33,36.4,1.06,1.06,1.33,42.4,24.2,1.45,1.52,16,25.0,2.06,0.81,1.25,43.8,18.8,1.61,1.46,17,47.1,2.71,1.29,1.41,41.2,29.4,1.31,1.59
7918,Piast Gliwice,42004,Ekstraklasa 22/23,22/23,33,45.5,1.12,1.12,0.91,42.4,30.3,1.19,0.97,17,41.2,1.94,1.00,0.94,47.1,23.5,1.36,0.68,16,50.0,2.13,1.25,0.88,37.5,37.5,1.01,1.28
7922,Warta Poznań,42004,Ekstraklasa 22/23,22/23,32,37.5,1.16,1.16,0.94,40.6,37.5,1.11,1.02,16,31.3,2.19,1.31,0.88,56.3,31.3,1.17,0.73,16,43.8,2.00,1.00,1.00,25.0,43.8,1.05,1.31
35268,Raków Częstochowa,42004,Ekstraklasa 22/23,22/23,33,66.7,1.88,1.88,0.73,39.4,48.5,1.86,0.82,16,81.3,3.13,2.50,0.63,37.5,56.3,2.15,0.72,17,52.9,2.12,1.29,0.82,41.2,41.2,1.59,0.92
7913,KS Lechia Gdańsk,42004,Ekstraklasa 22/23,22/23,33,24.2,0.88,0.88,1.52,39.4,33.3,1.12,1.71,17,29.4,2.18,0.88,1.29,35.3,41.2,1.26,1.72,16,18.8,2.63,0.88,1.75,43.8,25.0,0.97,1.70
7295,Radomiak Radom,42004,Ekstraklasa 22/23,22/23,33,36.4,1.00,1.00,1.21,39.4,27.3,1.21,1.22,16,31.3,2.19,1.00,1.19,31.3,31.3,1.21,0.95,17,41.2,2.24,1.00,1.24,47.1,23.5,1.21,1.48
38732,Stal Mielec,42004,Ekstraklasa 22/23,22/23,33,30.3,1.03,1.03,1.21,36.4,33.3,1.05,1.52,17,35.3,1.88,1.06,0.82,35.3,41.2,1.11,1.26,16,25.0,2.63,1.00,1.63,37.5,25.0,1.00,1.81
3110,Górnik Zabrze,37062,Ekstraklasa 21/22,21/22,32,40.6,1.69,1.69,1.56,71.9,18.8,0.00,0.00,16,43.8,2.69,1.56,1.13,56.3,31.3,0.00,0.00,16,37.5,3.81,1.81,2.00,87.5,6.3,0.00,0.00
3108,Śląsk Wrocław,37062,Ekstraklasa 21/22,21/22,33,21.2,1.21,1.21,1.52,66.7,15.2,0.00,0.00,16,18.8,2.44,1.00,1.44,56.3,25.0,0.00,0.00,17,23.5,3.00,1.41,1.59,76.5,5.9,0.00,0.00
3117,Pogoń Szczecin,37062,Ekstraklasa 21/22,21/22,33,51.5,1.85,1.85,0.94,63.6,27.3,0.00,0.00,16,62.5,3.63,2.44,1.19,81.3,12.5,0.00,0.00,17,41.2,2.00,1.29,0.71,47.1,41.2,0.00,0.00
7691,Jagiellonia Białystok,37062,Ekstraklasa 21/22,21/22,33,27.3,1.15,1.15,1.48,63.6,21.2,0.00,0.00,16,31.3,2.56,1.38,1.19,68.8,25.0,0.00,0.00,17,23.5,2.71,0.94,1.76,58.8,17.6,0.00,0.00
38732,Stal Mielec,37062,Ekstraklasa 21/22,21/22,32,28.1,1.19,1.19,1.53,62.5,18.8,0.00,0.00,16,43.8,2.50,1.31,1.19,56.3,25.0,0.00,0.00,16,12.5,2.94,1.06,1.88,68.8,12.5,0.00,0.00
7295,Radomiak Radom,37062,Ekstraklasa 21/22,21/22,33,33.3,1.27,1.27,1.21,57.6,24.2,0.00,0.00,17,41.2,2.82,1.53,1.29,70.6,17.6,0.00,0.00,16,25.0,2.13,1.00,1.13,43.8,31.3,0.00,0.00
36851,Bruk-Bet Termalica Nieciecza,37062,Ekstraklasa 21/22,21/22,33,21.2,1.06,1.06,1.67,57.6,15.2,0.00,0.00,16,31.3,2.69,1.13,1.56,56.3,18.8,0.00,0.00,17,11.8,2.76,1.00,1.76,58.8,11.8,0.00,0.00
3125,Górnik Łęczna,37062,Ekstraklasa 21/22,21/22,32,18.8,0.84,0.84,1.75,53.1,18.8,0.00,0.00,16,25.0,2.50,0.88,1.63,50.0,18.8,0.00,0.00,16,12.5,2.69,0.81,1.88,56.3,18.8,0.00,0.00
3113,Zagłębie Lubin,37062,Ekstraklasa 21/22,21/22,32,31.3,1.25,1.25,1.72,53.1,25.0,0.00,0.00,16,37.5,3.06,1.38,1.69,62.5,18.8,0.00,0.00,16,25.0,2.88,1.13,1.75,43.8,31.3,0.00,0.00
3106,Legia Warszawa,37062,Ekstraklasa 21/22,21/22,33,36.4,1.36,1.36,1.45,51.5,21.2,0.00,0.00,16,56.3,3.06,1.75,1.31,43.8,25.0,0.00,0.00,17,17.6,2.59,1.00,1.59,58.8,17.6,0.00,0.00
3111,Wisła Kraków,37062,Ekstraklasa 21/22,21/22,33,18.2,1.03,1.03,1.64,51.5,21.2,0.00,0.00,16,25.0,2.44,1.13,1.31,37.5,31.3,0.00,0.00,17,11.8,2.88,0.94,1.94,64.7,11.8,0.00,0.00
3122,Wisła Płock,37062,Ekstraklasa 21/22,21/22,33,45.5,1.45,1.45,1.52,51.5,27.3,0.00,0.00,17,64.7,2.41,1.59,0.82,35.3,47.1,0.00,0.00,16,25.0,3.56,1.31,2.25,68.8,6.3,0.00,0.00
35268,Raków Częstochowa,37062,Ekstraklasa 21/22,21/22,33,57.6,1.73,1.73,0.85,48.5,42.4,0.00,0.00,17,58.8,2.82,2.06,0.76,52.9,47.1,0.00,0.00,16,56.3,2.31,1.38,0.94,43.8,37.5,0.00,0.00
7918,Piast Gliwice,37062,Ekstraklasa 21/22,21/22,32,43.8,1.28,1.28,1.06,46.9,31.3,0.00,0.00,16,43.8,2.50,1.31,1.19,56.3,25.0,0.00,0.00,16,43.8,2.19,1.25,0.94,37.5,37.5,0.00,0.00
3121,Lech Poznań,37062,Ekstraklasa 21/22,21/22,32,65.6,2.00,2.00,0.72,46.9,43.8,0.00,0.00,16,81.3,2.94,2.50,0.44,37.5,56.3,0.00,0.00,16,50.0,2.50,1.50,1.00,56.3,31.3,0.00,0.00
7913,KS Lechia Gdańsk,37062,Ekstraklasa 21/22,21/22,33,48.5,1.55,1.55,1.15,45.5,36.4,0.00,0.00,17,70.6,2.41,1.76,0.65,47.1,52.9,0.00,0.00,16,25.0,3.00,1.31,1.69,43.8,18.8,0.00,0.00
4901,Cracovia,37062,Ekstraklasa 21/22,21/22,33,36.4,1.18,1.18,1.24,45.5,30.3,0.00,0.00,17,41.2,2.53,1.41,1.12,47.1,41.2,0.00,0.00,16,31.3,2.31,0.94,1.38,43.8,18.8,0.00,0.00
7922,Warta Poznań,37062,Ekstraklasa 21/22,21/22,33,33.3,1.00,1.00,1.09,36.4,30.3,0.00,0.00,17,23.5,2.24,0.94,1.29,58.8,17.6,0.00,0.00,16,43.8,1.94,1.06,0.88,12.5,43.8,0.00,0.00
3113,Zagłębie Lubin,29222,Ekstraklasa 20/21,20/21,30,36.7,1.27,1.27,1.33,56.7,23.3,0.00,0.00,15,46.7,2.87,1.60,1.27,66.7,20.0,0.00,0.00,15,26.7,2.33,0.93,1.40,46.7,26.7,0.00,0.00
38732,Stal Mielec,29222,Ekstraklasa 20/21,20/21,30,20.0,1.03,1.03,1.57,56.7,16.7,0.00,0.00,15,26.7,2.13,0.80,1.33,33.3,26.7,0.00,0.00,15,13.3,3.07,1.27,1.80,80.0,6.7,0.00,0.00
3121,Lech Poznań,29222,Ekstraklasa 20/21,20/21,30,30.0,1.30,1.30,1.27,56.7,30.0,0.00,0.00,15,26.7,2.40,1.27,1.13,40.0,46.7,0.00,0.00,15,33.3,2.73,1.33,1.40,73.3,13.3,0.00,0.00
3111,Wisła Kraków,29222,Ekstraklasa 20/21,20/21,30,26.7,1.30,1.30,1.40,56.7,30.0,0.00,0.00,15,26.7,2.87,1.27,1.60,60.0,26.7,0.00,0.00,15,26.7,2.53,1.33,1.20,53.3,33.3,0.00,0.00
7691,Jagiellonia Białystok,29222,Ekstraklasa 20/21,20/21,30,33.3,1.30,1.30,1.60,56.7,13.3,0.00,0.00,15,40.0,2.80,1.53,1.27,60.0,13.3,0.00,0.00,15,26.7,3.00,1.07,1.93,53.3,13.3,0.00,0.00
7919,Podbeskidzie Bielsko-Biała,29222,Ekstraklasa 20/21,20/21,30,20.0,0.97,0.97,2.00,53.3,13.3,0.00,0.00,15,40.0,2.67,1.13,1.53,53.3,26.7,0.00,0.00,15,0.0,3.27,0.80,2.47,53.3,0.0,0.00,0.00
3108,Śląsk Wrocław,29222,Ekstraklasa 20/21,20/21,30,36.7,1.20,1.20,1.07,50.0,30.0,0.00,0.00,15,46.7,2.27,1.40,0.87,53.3,40.0,0.00,0.00,15,26.7,2.27,1.00,1.27,46.7,20.0,0.00,0.00
4901,Cracovia,29222,Ekstraklasa 20/21,20/21,30,26.7,0.93,0.93,1.07,50.0,30.0,0.00,0.00,15,40.0,2.40,1.20,1.20,60.0,20.0,0.00,0.00,15,13.3,1.60,0.67,0.93,40.0,40.0,0.00,0.00
3106,Legia Warszawa,29222,Ekstraklasa 20/21,20/21,30,63.3,1.60,1.60,0.80,46.7,50.0,0.00,0.00,15,60.0,3.20,1.93,1.27,66.7,33.3,0.00,0.00,15,66.7,1.60,1.27,0.33,26.7,66.7,0.00,0.00
35268,Raków Częstochowa,29222,Ekstraklasa 20/21,20/21,30,56.7,1.53,1.53,0.83,46.7,40.0,0.00,0.00,15,60.0,1.87,1.27,0.60,33.3,53.3,0.00,0.00,15,53.3,2.87,1.80,1.07,60.0,26.7,0.00,0.00
3110,Górnik Zabrze,29222,Ekstraklasa 20/21,20/21,30,33.3,1.03,1.03,1.10,43.3,30.0,0.00,0.00,15,40.0,2.80,1.47,1.33,66.7,20.0,0.00,0.00,15,26.7,1.47,0.60,0.87,20.0,40.0,0.00,0.00
3122,Wisła Płock,29222,Ekstraklasa 20/21,20/21,30,26.7,1.23,1.23,1.47,43.3,30.0,0.00,0.00,15,26.7,2.47,1.20,1.27,46.7,26.7,0.00,0.00,15,26.7,2.93,1.27,1.67,40.0,33.3,0.00,0.00
7913,KS Lechia Gdańsk,29222,Ekstraklasa 20/21,20/21,30,40.0,1.33,1.33,1.23,43.3,23.3,0.00,0.00,15,40.0,2.73,1.53,1.20,46.7,20.0,0.00,0.00,15,40.0,2.40,1.13,1.27,40.0,26.7,0.00,0.00
7922,Warta Poznań,29222,Ekstraklasa 20/21,20/21,30,43.3,1.10,1.10,1.07,40.0,36.7,0.00,0.00,15,40.0,1.93,0.93,1.00,26.7,46.7,0.00,0.00,15,46.7,2.40,1.27,1.13,53.3,26.7,0.00,0.00
7918,Piast Gliwice,29222,Ekstraklasa 20/21,20/21,30,36.7,1.30,1.30,1.07,36.7,40.0,0.00,0.00,15,40.0,2.20,1.20,1.00,33.3,40.0,0.00,0.00,15,33.3,2.53,1.40,1.13,40.0,40.0,0.00,0.00
3117,Pogoń Szczecin,29222,Ekstraklasa 20/21,20/21,30,50.0,1.20,1.20,0.77,36.7,56.7,0.00,0.00,15,53.3,1.67,1.13,0.53,26.7,66.7,0.00,0.00,15,46.7,2.27,1.27,1.00,46.7,46.7,0.00,0.00
3108,Śląsk Wrocław,23666,Ekstraklasa 19/20,19/20,37,37.8,1.38,1.38,1.24,62.2,18.9,0.00,0.00,19,47.4,3.42,1.95,1.47,89.5,5.3,0.00,0.00,18,27.8,1.78,0.78,1.00,33.3,33.3,0.00,0.00
35268,Raków Częstochowa,23666,Ekstraklasa 19/20,19/20,37,43.2,1.38,1.38,1.51,59.5,24.3,0.00,0.00,19,57.9,2.74,1.58,1.16,68.4,26.3,0.00,0.00,18,27.8,3.06,1.17,1.89,50.0,22.2,0.00,0.00
3121,Lech Poznań,23666,Ekstraklasa 19/20,19/20,37,48.6,1.89,1.89,0.95,59.5,37.8,0.00,0.00,19,57.9,2.84,2.11,0.74,42.1,52.6,0.00,0.00,18,38.9,2.83,1.67,1.17,77.8,22.2,0.00,0.00
3122,Wisła Płock,23666,Ekstraklasa 19/20,19/20,37,37.8,1.22,1.22,1.46,59.5,21.6,0.00,0.00,19,47.4,2.63,1.42,1.21,63.2,26.3,0.00,0.00,18,27.8,2.72,1.00,1.72,55.6,16.7,0.00,0.00
3113,Zagłębie Lubin,23666,Ekstraklasa 19/20,19/20,37,40.5,1.65,1.65,1.43,56.8,18.9,0.00,0.00,19,47.4,3.16,1.89,1.26,57.9,21.1,0.00,0.00,18,33.3,3.00,1.39,1.61,55.6,16.7,0.00,0.00
3110,Górnik Zabrze,23666,Ekstraklasa 19/20,19/20,37,37.8,1.38,1.38,1.27,56.8,27.0,0.00,0.00,19,57.9,2.95,1.89,1.05,52.6,36.8,0.00,0.00,18,16.7,2.33,0.83,1.50,61.1,16.7,0.00,0.00
7913,KS Lechia Gdańsk,23666,Ekstraklasa 19/20,19/20,37,40.5,1.30,1.30,1.35,56.8,24.3,0.00,0.00,18,38.9,2.33,1.11,1.22,44.4,33.3,0.00,0.00,19,42.1,2.95,1.47,1.47,68.4,15.8,0.00,0.00
3106,Legia Warszawa,23666,Ekstraklasa 19/20,19/20,37,56.8,1.89,1.89,0.95,54.1,37.8,0.00,0.00,19,68.4,3.37,2.53,0.84,63.2,36.8,0.00,0.00,18,44.4,2.28,1.22,1.06,44.4,38.9,0.00,0.00
5064,MZKS Arka Gdynia,23666,Ekstraklasa 19/20,19/20,37,27.0,1.05,1.05,1.54,54.1,21.6,0.00,0.00,18,33.3,2.39,1.17,1.22,61.1,22.2,0.00,0.00,19,21.1,2.79,0.95,1.84,47.4,21.1,0.00,0.00
3123,ŁKS Łódź,23666,Ekstraklasa 19/20,19/20,37,16.2,0.89,0.89,1.84,51.4,13.5,0.00,0.00,18,27.8,2.78,1.17,1.61,50.0,27.8,0.00,0.00,19,5.3,2.68,0.63,2.05,52.6,0.0,0.00,0.00
4901,Cracovia,23666,Ekstraklasa 19/20,19/20,37,43.2,1.32,1.32,1.08,51.4,29.7,0.00,0.00,18,55.6,2.33,1.44,0.89,50.0,38.9,0.00,0.00,19,31.6,2.47,1.21,1.26,52.6,21.1,0.00,0.00
7691,Jagiellonia Białystok,23666,Ekstraklasa 19/20,19/20,37,37.8,1.30,1.30,1.38,48.6,29.7,0.00,0.00,18,44.4,2.39,1.39,1.00,44.4,38.9,0.00,0.00,19,31.6,2.95,1.21,1.74,52.6,21.1,0.00,0.00
3117,Pogoń Szczecin,23666,Ekstraklasa 19/20,19/20,37,37.8,1.00,1.00,1.05,45.9,37.8,0.00,0.00,18,38.9,1.94,1.00,0.94,44.4,38.9,0.00,0.00,19,36.8,2.16,1.00,1.16,47.4,36.8,0.00,0.00
3111,Wisła Kraków,23666,Ekstraklasa 19/20,19/20,37,35.1,1.19,1.19,1.51,43.2,29.7,0.00,0.00,18,44.4,2.39,1.39,1.00,38.9,33.3,0.00,0.00,19,26.3,3.00,1.00,2.00,47.4,26.3,0.00,0.00
5065,MKS Korona Kielce,23666,Ekstraklasa 19/20,19/20,37,24.3,0.78,0.78,1.30,37.8,29.7,0.00,0.00,18,33.3,1.72,0.78,0.94,27.8,38.9,0.00,0.00,19,15.8,2.42,0.79,1.63,47.4,21.1,0.00,0.00
7918,Piast Gliwice,23666,Ekstraklasa 19/20,19/20,37,48.6,1.11,1.11,0.86,35.1,40.5,0.00,0.00,19,63.2,1.95,1.32,0.63,31.6,57.9,0.00,0.00,18,33.3,2.00,0.89,1.11,38.9,22.2,0.00,0.00
7693,Zagłębie Sosnowiec,17361,Ekstraklasa 18/19,18/19,37,18.9,1.32,1.32,2.16,67.6,10.8,0.00,0.00,18,33.3,4.22,1.89,2.33,83.3,5.6,0.00,0.00,19,5.3,2.79,0.79,2.00,52.6,15.8,0.00,0.00
3122,Wisła Płock,17361,Ekstraklasa 18/19,18/19,37,27.0,1.35,1.35,1.57,64.9,16.2,0.00,0.00,18,27.8,2.44,1.06,1.39,55.6,22.2,0.00,0.00,19,26.3,3.37,1.63,1.74,73.7,10.5,0.00,0.00
3111,Wisła Kraków,17361,Ekstraklasa 18/19,18/19,37,37.8,1.81,1.81,1.70,62.2,18.9,0.00,0.00,19,42.1,3.47,2.00,1.47,63.2,26.3,0.00,0.00,18,33.3,3.56,1.61,1.94,61.1,11.1,0.00,0.00
3117,Pogoń Szczecin,17361,Ekstraklasa 18/19,18/19,37,37.8,1.54,1.54,1.46,59.5,27.0,0.00,0.00,18,44.4,2.89,1.67,1.22,55.6,33.3,0.00,0.00,19,31.6,3.11,1.42,1.68,63.2,21.1,0.00,0.00
5064,MZKS Arka Gdynia,17361,Ekstraklasa 18/19,18/19,37,27.0,1.32,1.32,1.38,56.8,24.3,0.00,0.00,18,33.3,2.94,1.50,1.44,61.1,22.2,0.00,0.00,19,21.1,2.47,1.16,1.32,52.6,26.3,0.00,0.00
5065,MKS Korona Kielce,17361,Ekstraklasa 18/19,18/19,37,32.4,1.14,1.14,1.46,56.8,21.6,0.00,0.00,19,31.6,2.42,1.11,1.32,47.4,31.6,0.00,0.00,18,33.3,2.78,1.17,1.61,66.7,11.1,0.00,0.00
3113,Zagłębie Lubin,17361,Ekstraklasa 18/19,18/19,37,40.5,1.54,1.54,1.30,54.1,24.3,0.00,0.00,18,38.9,2.83,1.56,1.28,55.6,22.2,0.00,0.00,19,42.1,2.84,1.53,1.32,52.6,26.3,0.00,0.00
7691,Jagiellonia Białystok,17361,Ekstraklasa 18/19,18/19,37,43.2,1.49,1.49,1.41,54.1,24.3,0.00,0.00,18,50.0,3.33,1.67,1.67,66.7,16.7,0.00,0.00,19,36.8,2.47,1.32,1.16,42.1,31.6,0.00,0.00
3110,Górnik Zabrze,17361,Ekstraklasa 18/19,18/19,37,32.4,1.30,1.30,1.43,51.4,24.3,0.00,0.00,19,26.3,2.53,1.21,1.32,57.9,21.1,0.00,0.00,18,38.9,2.94,1.39,1.56,44.4,27.8,0.00,0.00
7918,Piast Gliwice,17361,Ekstraklasa 18/19,18/19,37,56.8,1.54,1.54,0.89,48.6,43.2,0.00,0.00,19,78.9,2.37,1.84,0.53,42.1,57.9,0.00,0.00,18,33.3,2.50,1.22,1.28,55.6,27.8,0.00,0.00
35330,Miedź Legnica,17361,Ekstraklasa 18/19,18/19,37,27.0,1.08,1.08,1.76,48.6,21.6,0.00,0.00,19,36.8,3.00,1.16,1.84,47.4,21.1,0.00,0.00,18,16.7,2.67,1.00,1.67,50.0,22.2,0.00,0.00
4901,Cracovia,17361,Ekstraklasa 18/19,18/19,37,45.9,1.22,1.22,1.16,48.6,32.4,0.00,0.00,19,57.9,2.00,1.21,0.79,36.8,42.1,0.00,0.00,18,33.3,2.78,1.22,1.56,61.1,22.2,0.00,0.00
3106,Legia Warszawa,17361,Ekstraklasa 18/19,18/19,37,54.1,1.49,1.49,1.03,45.9,37.8,0.00,0.00,19,52.6,2.63,1.63,1.00,42.1,47.4,0.00,0.00,18,55.6,2.39,1.33,1.06,50.0,27.8,0.00,0.00
7913,KS Lechia Gdańsk,17361,Ekstraklasa 18/19,18/19,37,51.4,1.46,1.46,1.03,43.2,48.6,0.00,0.00,19,63.2,2.58,1.74,0.84,47.4,47.4,0.00,0.00,18,38.9,2.39,1.17,1.22,38.9,50.0,0.00,0.00
3121,Lech Poznań,17361,Ekstraklasa 18/19,18/19,37,40.5,1.32,1.32,1.30,43.2,27.0,0.00,0.00,18,61.1,2.72,1.56,1.17,50.0,33.3,0.00,0.00,19,21.1,2.53,1.11,1.42,36.8,21.1,0.00,0.00
3108,Śląsk Wrocław,17361,Ekstraklasa 18/19,18/19,37,32.4,1.32,1.32,1.22,37.8,27.0,0.00,0.00,18,38.9,2.17,1.22,0.94,33.3,33.3,0.00,0.00,19,26.3,2.89,1.42,1.47,42.1,21.1,0.00,0.00
3110,Górnik Zabrze,13350,Ekstraklasa 17/18,17/18,36,41.7,1.81,1.81,1.50,69.4,16.7,0.00,0.00,18,44.4,3.22,1.94,1.28,61.1,27.8,0.00,0.00,18,38.9,3.39,1.67,1.72,77.8,5.6,0.00,0.00
3108,Śląsk Wrocław,13350,Ekstraklasa 17/18,17/18,37,35.1,1.35,1.35,1.46,67.6,21.6,0.00,0.00,19,57.9,2.42,1.58,0.84,57.9,36.8,0.00,0.00,18,11.1,3.22,1.11,2.11,77.8,5.6,0.00,0.00
4901,Cracovia,13350,Ekstraklasa 17/18,17/18,37,35.1,1.38,1.38,1.41,59.5,21.6,0.00,0.00,19,36.8,3.47,1.74,1.74,84.2,10.5,0.00,0.00,18,33.3,2.06,1.00,1.06,33.3,33.3,0.00,0.00
7913,KS Lechia Gdańsk,13350,Ekstraklasa 17/18,17/18,37,24.3,1.24,1.24,1.57,59.5,21.6,0.00,0.00,18,22.2,3.22,1.44,1.78,61.1,16.7,0.00,0.00,19,26.3,2.42,1.05,1.37,57.9,26.3,0.00,0.00
36851,Bruk-Bet Termalica Nieciecza,13350,Ekstraklasa 17/18,17/18,37,24.3,1.05,1.05,1.78,59.5,13.5,0.00,0.00,18,38.9,2.83,1.33,1.50,72.2,16.7,0.00,0.00,19,10.5,2.84,0.79,2.05,47.4,10.5,0.00,0.00
3122,Wisła Płock,13350,Ekstraklasa 17/18,17/18,37,45.9,1.43,1.43,1.22,51.4,29.7,0.00,0.00,19,52.6,2.53,1.58,0.95,42.1,36.8,0.00,0.00,18,38.9,2.78,1.28,1.50,61.1,22.2,0.00,0.00
7691,Jagiellonia Białystok,13350,Ekstraklasa 17/18,17/18,37,54.1,1.49,1.49,1.11,51.4,37.8,0.00,0.00,19,52.6,2.53,1.53,1.00,57.9,31.6,0.00,0.00,18,55.6,2.67,1.44,1.22,44.4,44.4,0.00,0.00
7918,Piast Gliwice,13350,Ekstraklasa 17/18,17/18,36,22.2,1.11,1.11,1.25,50.0,30.6,0.00,0.00,17,23.5,1.76,0.88,0.88,35.3,41.2,0.00,0.00,19,21.1,2.89,1.32,1.58,63.2,21.1,0.00,0.00
36766,Sandecja Nowy Sącz,13350,Ekstraklasa 17/18,17/18,37,16.2,0.92,0.92,1.46,48.6,16.2,0.00,0.00,18,22.2,2.17,1.00,1.17,50.0,22.2,0.00,0.00,19,10.5,2.58,0.84,1.74,47.4,10.5,0.00,0.00
3111,Wisła Kraków,13350,Ekstraklasa 17/18,17/18,37,40.5,1.38,1.38,1.14,48.6,35.1,0.00,0.00,18,44.4,2.39,1.39,1.00,50.0,33.3,0.00,0.00,19,36.8,2.63,1.37,1.26,47.4,36.8,0.00,0.00
3113,Zagłębie Lubin,13350,Ekstraklasa 17/18,17/18,37,35.1,1.22,1.22,1.14,45.9,37.8,0.00,0.00,18,38.9,2.33,1.33,1.00,38.9,50.0,0.00,0.00,19,31.6,2.37,1.11,1.26,52.6,26.3,0.00,0.00
3117,Pogoń Szczecin,13350,Ekstraklasa 17/18,17/18,37,32.4,1.24,1.24,1.46,45.9,27.0,0.00,0.00,19,36.8,2.84,1.47,1.37,57.9,31.6,0.00,0.00,18,27.8,2.56,1.00,1.56,33.3,22.2,0.00,0.00
5064,MZKS Arka Gdynia,13350,Ekstraklasa 17/18,17/18,37,29.7,1.24,1.24,1.30,45.9,35.1,0.00,0.00,19,42.1,2.32,1.42,0.89,36.8,47.4,0.00,0.00,18,16.7,2.78,1.06,1.72,55.6,22.2,0.00,0.00
5065,MKS Korona Kielce,13350,Ekstraklasa 17/18,17/18,37,32.4,1.32,1.32,1.46,45.9,32.4,0.00,0.00,18,50.0,2.67,1.33,1.33,38.9,33.3,0.00,0.00,19,15.8,2.89,1.32,1.58,52.6,31.6,0.00,0.00
3121,Lech Poznań,13350,Ekstraklasa 17/18,17/18,37,43.2,1.43,1.43,0.92,43.2,40.5,0.00,0.00,19,63.2,2.89,1.95,0.95,47.4,36.8,0.00,0.00,18,22.2,1.78,0.89,0.89,38.9,44.4,0.00,0.00
3106,Legia Warszawa,13350,Ekstraklasa 17/18,17/18,37,59.5,1.49,1.49,0.95,37.8,40.5,0.00,0.00,19,73.7,2.53,1.74,0.79,36.8,42.1,0.00,0.00,18,44.4,2.33,1.22,1.11,38.9,38.9,0.00,0.00
3122,Wisła Płock,11734,Ekstraklasa 16/17,16/17,37,32.4,1.32,1.32,1.54,64.9,21.6,0.00,0.00,19,36.8,2.79,1.37,1.42,63.2,26.3,0.00,0.00,18,27.8,2.94,1.28,1.67,66.7,16.7,0.00,0.00
3113,Zagłębie Lubin,11734,Ekstraklasa 16/17,16/17,37,37.8,1.38,1.38,1.22,64.9,24.3,0.00,0.00,19,31.6,2.89,1.47,1.42,63.2,26.3,0.00,0.00,18,44.4,2.28,1.28,1.00,66.7,22.2,0.00,0.00
3111,Wisła Kraków,11734,Ekstraklasa 16/17,16/17,37,37.8,1.46,1.46,1.54,59.5,21.6,0.00,0.00,18,61.1,2.83,1.83,1.00,50.0,44.4,0.00,0.00,19,15.8,3.16,1.11,2.05,68.4,0.0,0.00,0.00
4901,Cracovia,11734,Ekstraklasa 16/17,16/17,37,21.6,1.22,1.22,1.41,59.5,21.6,0.00,0.00,18,38.9,2.56,1.56,1.00,61.1,27.8,0.00,0.00,19,5.3,2.68,0.89,1.79,57.9,15.8,0.00,0.00
5064,MZKS Arka Gdynia,11734,Ekstraklasa 16/17,16/17,37,27.0,1.19,1.19,1.62,56.8,24.3,0.00,0.00,19,31.6,2.79,1.37,1.42,57.9,26.3,0.00,0.00,18,22.2,2.83,1.00,1.83,55.6,22.2,0.00,0.00
3117,Pogoń Szczecin,11734,Ekstraklasa 16/17,16/17,37,29.7,1.38,1.38,1.46,56.8,16.2,0.00,0.00,18,44.4,3.11,1.94,1.17,66.7,16.7,0.00,0.00,19,15.8,2.58,0.84,1.74,47.4,15.8,0.00,0.00
7918,Piast Gliwice,11734,Ekstraklasa 16/17,16/17,37,32.4,1.22,1.22,1.46,54.1,24.3,0.00,0.00,18,44.4,2.94,1.50,1.44,61.1,22.2,0.00,0.00,19,21.1,2.42,0.95,1.47,47.4,26.3,0.00,0.00
3105,Ruch Chorzów,11734,Ekstraklasa 16/17,16/17,37,27.0,1.14,1.14,1.68,54.1,18.9,0.00,0.00,18,27.8,2.61,1.11,1.50,50.0,22.2,0.00,0.00,19,26.3,3.00,1.16,1.84,57.9,15.8,0.00,0.00
7913,KS Lechia Gdańsk,11734,Ekstraklasa 16/17,16/17,37,54.1,1.54,1.54,1.00,51.4,37.8,0.00,0.00,19,78.9,3.16,2.32,0.84,57.9,42.1,0.00,0.00,18,27.8,1.89,0.72,1.17,44.4,33.3,0.00,0.00
3125,Górnik Łęczna,11734,Ekstraklasa 16/17,16/17,37,24.3,1.27,1.27,1.70,51.4,27.0,0.00,0.00,18,33.3,2.78,1.33,1.44,38.9,38.9,0.00,0.00,19,15.8,3.16,1.21,1.95,63.2,15.8,0.00,0.00
7691,Jagiellonia Białystok,11734,Ekstraklasa 16/17,16/17,37,56.8,1.73,1.73,1.05,51.4,37.8,0.00,0.00,19,57.9,2.79,1.89,0.89,52.6,42.1,0.00,0.00,18,55.6,2.78,1.56,1.22,50.0,33.3,0.00,0.00
5065,MKS Korona Kielce,11734,Ekstraklasa 16/17,16/17,37,37.8,1.27,1.27,1.76,48.6,21.6,0.00,0.00,18,61.1,2.94,1.83,1.11,61.1,27.8,0.00,0.00,19,15.8,3.11,0.74,2.37,36.8,15.8,0.00,0.00
3106,Legia Warszawa,11734,Ekstraklasa 16/17,16/17,37,56.8,1.89,1.89,0.84,48.6,48.6,0.00,0.00,19,42.1,2.47,1.68,0.79,42.1,57.9,0.00,0.00,18,72.2,3.00,2.11,0.89,55.6,38.9,0.00,0.00
36851,Bruk-Bet Termalica Nieciecza,11734,Ekstraklasa 16/17,16/17,37,35.1,0.95,0.95,1.49,43.2,24.3,0.00,0.00,18,33.3,2.17,1.00,1.17,44.4,38.9,0.00,0.00,19,36.8,2.68,0.89,1.79,42.1,10.5,0.00,0.00
3108,Śląsk Wrocław,11734,Ekstraklasa 16/17,16/17,37,32.4,1.32,1.32,1.41,40.5,29.7,0.00,0.00,19,31.6,2.89,1.47,1.42,42.1,36.8,0.00,0.00,18,33.3,2.56,1.17,1.39,38.9,22.2,0.00,0.00
3121,Lech Poznań,11734,Ekstraklasa 16/17,16/17,37,54.1,1.68,1.68,0.78,37.8,54.1,0.00,0.00,19,63.2,2.16,1.53,0.63,31.6,57.9,0.00,0.00,18,44.4,2.78,1.83,0.94,44.4,50.0,0.00,0.00
4901,Cracovia,10361,Ekstraklasa 15/16,15/16,35,42.9,1.83,1.83,1.40,68.6,25.7,0.00,0.00,17,58.8,3.29,2.24,1.06,64.7,35.3,0.00,0.00,18,27.8,3.17,1.44,1.72,72.2,16.7,0.00,0.00
3111,Wisła Kraków,10361,Ekstraklasa 15/16,15/16,35,34.3,1.69,1.69,1.23,60.0,20.0,0.00,0.00,18,27.8,2.56,1.44,1.11,61.1,27.8,0.00,0.00,17,41.2,3.29,1.94,1.35,58.8,11.8,0.00,0.00
3110,Górnik Zabrze,10361,Ekstraklasa 15/16,15/16,36,16.7,1.03,1.03,1.39,58.3,22.2,0.00,0.00,18,22.2,2.33,1.11,1.22,55.6,22.2,0.00,0.00,18,11.1,2.50,0.94,1.56,61.1,22.2,0.00,0.00
3108,Śląsk Wrocław,10361,Ekstraklasa 15/16,15/16,36,33.3,1.11,1.11,1.17,58.3,22.2,0.00,0.00,17,47.1,2.06,1.24,0.82,52.9,35.3,0.00,0.00,19,21.1,2.47,1.00,1.47,63.2,10.5,0.00,0.00
3117,Pogoń Szczecin,10361,Ekstraklasa 15/16,15/16,36,30.6,1.14,1.14,1.17,58.3,30.6,0.00,0.00,19,36.8,2.42,1.32,1.11,63.2,31.6,0.00,0.00,17,23.5,2.18,0.94,1.24,52.9,29.4,0.00,0.00
7919,Podbeskidzie Bielsko-Biała,10361,Ekstraklasa 15/16,15/16,36,25.0,1.22,1.22,1.72,55.6,22.2,0.00,0.00,19,15.8,2.84,1.26,1.58,63.2,15.8,0.00,0.00,17,35.3,3.06,1.18,1.88,47.1,29.4,0.00,0.00
5065,MKS Korona Kielce,10361,Ekstraklasa 15/16,15/16,35,22.9,0.97,0.97,1.23,54.3,28.6,0.00,0.00,18,16.7,2.67,1.06,1.61,66.7,5.6,0.00,0.00,17,29.4,1.71,0.88,0.82,41.2,52.9,0.00,0.00
7918,Piast Gliwice,10361,Ekstraklasa 15/16,15/16,35,54.3,1.69,1.69,1.23,54.3,37.1,0.00,0.00,18,72.2,2.44,1.78,0.67,38.9,50.0,0.00,0.00,17,35.3,3.41,1.59,1.82,70.6,23.5,0.00,0.00
3113,Zagłębie Lubin,10361,Ekstraklasa 15/16,15/16,35,48.6,1.54,1.54,1.11,54.3,31.4,0.00,0.00,17,52.9,3.12,1.88,1.24,64.7,29.4,0.00,0.00,18,44.4,2.22,1.22,1.00,44.4,33.3,0.00,0.00
7691,Jagiellonia Białystok,10361,Ekstraklasa 15/16,15/16,35,34.3,1.20,1.20,1.69,51.4,25.7,0.00,0.00,18,38.9,2.44,1.06,1.39,44.4,33.3,0.00,0.00,17,29.4,3.35,1.35,2.00,58.8,17.6,0.00,0.00
3105,Ruch Chorzów,10361,Ekstraklasa 15/16,15/16,35,28.6,1.09,1.09,1.66,51.4,25.7,0.00,0.00,16,31.3,2.88,1.13,1.75,50.0,25.0,0.00,0.00,19,26.3,2.63,1.05,1.58,52.6,26.3,0.00,0.00
7913,KS Lechia Gdańsk,10361,Ekstraklasa 15/16,15/16,35,40.0,1.49,1.49,1.17,51.4,31.4,0.00,0.00,17,64.7,2.71,2.00,0.71,52.9,41.2,0.00,0.00,18,16.7,2.61,1.00,1.61,50.0,22.2,0.00,0.00
3106,Legia Warszawa,10361,Ekstraklasa 15/16,15/16,36,55.6,1.83,1.83,0.86,50.0,38.9,0.00,0.00,19,63.2,2.74,2.11,0.63,47.4,47.4,0.00,0.00,17,47.1,2.65,1.53,1.12,52.9,29.4,0.00,0.00
3125,Górnik Łęczna,10361,Ekstraklasa 15/16,15/16,36,25.0,1.06,1.06,1.47,50.0,25.0,0.00,0.00,18,38.9,2.89,1.33,1.56,50.0,22.2,0.00,0.00,18,11.1,2.17,0.78,1.39,50.0,27.8,0.00,0.00
36851,Bruk-Bet Termalica Nieciecza,10361,Ekstraklasa 15/16,15/16,35,28.6,1.11,1.11,1.34,48.6,28.6,0.00,0.00,18,27.8,2.44,1.22,1.22,44.4,27.8,0.00,0.00,17,29.4,2.47,1.00,1.47,52.9,29.4,0.00,0.00
3121,Lech Poznań,10361,Ekstraklasa 15/16,15/16,35,37.1,1.11,1.11,1.26,34.3,31.4,0.00,0.00,16,37.5,2.38,1.38,1.00,37.5,31.3,0.00,0.00,19,36.8,2.37,0.89,1.47,31.6,31.6,0.00,0.00
4901,Cracovia,8206,Ekstraklasa 14/15,14/15,37,40.5,1.35,1.35,1.19,59.5,27.0,0.00,0.00,19,52.6,2.47,1.42,1.05,68.4,26.3,0.00,0.00,18,27.8,2.61,1.28,1.33,50.0,27.8,0.00,0.00
3121,Lech Poznań,8206,Ekstraklasa 14/15,14/15,37,51.4,1.81,1.81,0.89,59.5,35.1,0.00,0.00,19,63.2,2.79,2.05,0.74,47.4,52.6,0.00,0.00,18,38.9,2.61,1.56,1.06,72.2,16.7,0.00,0.00
3111,Wisła Kraków,8206,Ekstraklasa 14/15,14/15,37,32.4,1.51,1.51,1.30,59.5,18.9,0.00,0.00,18,38.9,2.67,1.44,1.22,61.1,16.7,0.00,0.00,19,26.3,2.95,1.58,1.37,57.9,21.1,0.00,0.00
35329,Zawisza Bydgoszcz,8206,Ekstraklasa 14/15,14/15,37,27.0,1.22,1.22,1.70,59.5,21.6,0.00,0.00,18,33.3,2.44,1.11,1.33,55.6,27.8,0.00,0.00,19,21.1,3.37,1.32,2.05,63.2,15.8,0.00,0.00
7919,Podbeskidzie Bielsko-Biała,8206,Ekstraklasa 14/15,14/15,37,32.4,1.27,1.27,1.62,56.8,21.6,0.00,0.00,19,36.8,2.84,1.32,1.53,52.6,26.3,0.00,0.00,18,27.8,2.94,1.22,1.72,61.1,16.7,0.00,0.00
3117,Pogoń Szczecin,8206,Ekstraklasa 14/15,14/15,37,29.7,1.22,1.22,1.41,56.8,18.9,0.00,0.00,18,44.4,2.56,1.44,1.11,50.0,27.8,0.00,0.00,19,15.8,2.68,1.00,1.68,63.2,10.5,0.00,0.00
5065,MKS Korona Kielce,8206,Ekstraklasa 14/15,14/15,37,32.4,1.19,1.19,1.49,56.8,16.2,0.00,0.00,19,42.1,2.95,1.47,1.47,57.9,26.3,0.00,0.00,18,22.2,2.39,0.89,1.50,55.6,5.6,0.00,0.00
3108,Śląsk Wrocław,8206,Ekstraklasa 14/15,14/15,37,40.5,1.35,1.35,1.16,54.1,29.7,0.00,0.00,19,57.9,2.00,1.37,0.63,47.4,47.4,0.00,0.00,18,22.2,3.06,1.33,1.72,61.1,11.1,0.00,0.00
3110,Górnik Zabrze,8206,Ekstraklasa 14/15,14/15,37,32.4,1.35,1.35,1.62,54.1,21.6,0.00,0.00,18,33.3,3.33,1.56,1.78,55.6,27.8,0.00,0.00,19,31.6,2.63,1.16,1.47,52.6,15.8,0.00,0.00
7913,KS Lechia Gdańsk,8206,Ekstraklasa 14/15,14/15,37,35.1,1.22,1.22,1.27,51.4,32.4,0.00,0.00,18,44.4,2.17,1.17,1.00,44.4,50.0,0.00,0.00,19,26.3,2.79,1.26,1.53,57.9,15.8,0.00,0.00
7918,Piast Gliwice,8206,Ekstraklasa 14/15,14/15,37,35.1,1.35,1.35,1.51,51.4,24.3,0.00,0.00,19,52.6,3.26,1.89,1.37,52.6,31.6,0.00,0.00,18,16.7,2.44,0.78,1.67,50.0,16.7,0.00,0.00
7691,Jagiellonia Białystok,8206,Ekstraklasa 14/15,14/15,37,51.4,1.59,1.59,1.19,51.4,29.7,0.00,0.00,19,57.9,3.11,1.84,1.26,63.2,26.3,0.00,0.00,18,44.4,2.44,1.33,1.11,38.9,33.3,0.00,0.00
3125,Górnik Łęczna,8206,Ekstraklasa 14/15,14/15,37,29.7,1.05,1.05,1.24,48.6,21.6,0.00,0.00,18,38.9,2.39,1.39,1.00,55.6,27.8,0.00,0.00,19,21.1,2.21,0.74,1.47,42.1,15.8,0.00,0.00
3128,GKS Bełchatów,8206,Ekstraklasa 14/15,14/15,37,24.3,0.95,0.95,1.62,48.6,24.3,0.00,0.00,18,27.8,2.33,1.00,1.33,50.0,33.3,0.00,0.00,19,21.1,2.79,0.89,1.89,47.4,15.8,0.00,0.00
3105,Ruch Chorzów,8206,Ekstraklasa 14/15,14/15,37,32.4,1.19,1.19,1.24,45.9,32.4,0.00,0.00,18,38.9,2.61,1.44,1.17,55.6,33.3,0.00,0.00,19,26.3,2.26,0.95,1.32,36.8,31.6,0.00,0.00
3106,Legia Warszawa,8206,Ekstraklasa 14/15,14/15,37,56.8,1.73,1.73,0.89,45.9,48.6,0.00,0.00,19,68.4,2.74,1.89,0.84,42.1,52.6,0.00,0.00,18,44.4,2.50,1.56,0.94,50.0,44.4,0.00,0.00
3117,Pogoń Szczecin,6261,Ekstraklasa 13/14,13/14,37,29.7,1.35,1.35,1.35,64.9,24.3,0.00,0.00,19,31.6,2.79,1.47,1.32,63.2,21.1,0.00,0.00,18,27.8,2.61,1.22,1.39,66.7,27.8,0.00,0.00
7691,Jagiellonia Białystok,6261,Ekstraklasa 13/14,13/14,36,30.6,1.56,1.56,1.61,63.9,19.4,0.00,0.00,19,42.1,3.42,1.95,1.47,57.9,26.3,0.00,0.00,17,17.6,2.88,1.12,1.76,70.6,11.8,0.00,0.00
3110,Górnik Zabrze,6261,Ekstraklasa 13/14,13/14,37,37.8,1.43,1.43,1.54,59.5,21.6,0.00,0.00,18,44.4,3.11,1.56,1.56,55.6,22.2,0.00,0.00,19,31.6,2.84,1.32,1.53,63.2,21.1,0.00,0.00
5065,MKS Korona Kielce,6261,Ekstraklasa 13/14,13/14,37,27.0,1.27,1.27,1.51,59.5,21.6,0.00,0.00,19,42.1,3.26,1.63,1.63,68.4,26.3,0.00,0.00,18,11.1,2.28,0.89,1.39,50.0,16.7,0.00,0.00
4901,Cracovia,6261,Ekstraklasa 13/14,13/14,37,32.4,1.16,1.16,1.51,56.8,18.9,0.00,0.00,19,31.6,2.84,1.21,1.63,57.9,15.8,0.00,0.00,18,33.3,2.50,1.11,1.39,55.6,22.2,0.00,0.00
35329,Zawisza Bydgoszcz,6261,Ekstraklasa 13/14,13/14,37,32.4,1.30,1.30,1.30,54.1,24.3,0.00,0.00,18,44.4,2.61,1.56,1.06,38.9,33.3,0.00,0.00,19,21.1,2.58,1.05,1.53,68.4,15.8,0.00,0.00
3115,Widzew Łódź,6261,Ekstraklasa 13/14,13/14,37,18.9,0.97,0.97,1.59,54.1,10.8,0.00,0.00,18,38.9,2.39,1.28,1.11,66.7,16.7,0.00,0.00,19,0.0,2.74,0.68,2.05,42.1,5.3,0.00,0.00
3121,Lech Poznań,6261,Ekstraklasa 13/14,13/14,37,51.4,1.84,1.84,1.08,54.1,29.7,0.00,0.00,19,73.7,3.11,2.32,0.79,63.2,36.8,0.00,0.00,18,27.8,2.72,1.33,1.39,44.4,22.2,0.00,0.00
7913,KS Lechia Gdańsk,6261,Ekstraklasa 13/14,13/14,37,35.1,1.24,1.24,1.11,51.4,37.8,0.00,0.00,18,38.9,2.78,1.56,1.22,66.7,27.8,0.00,0.00,19,31.6,1.95,0.95,1.00,36.8,47.4,0.00,0.00
3108,Śląsk Wrocław,6261,Ekstraklasa 13/14,13/14,37,32.4,1.32,1.32,1.11,51.4,40.5,0.00,0.00,19,42.1,2.11,1.26,0.84,42.1,52.6,0.00,0.00,18,22.2,2.78,1.39,1.39,61.1,27.8,0.00,0.00
3105,Ruch Chorzów,6261,Ekstraklasa 13/14,13/14,37,43.2,1.27,1.27,1.30,51.4,29.7,0.00,0.00,19,42.1,2.16,1.21,0.95,57.9,26.3,0.00,0.00,18,44.4,3.00,1.33,1.67,44.4,33.3,0.00,0.00
7918,Piast Gliwice,6261,Ekstraklasa 13/14,13/14,37,29.7,1.16,1.16,1.51,48.6,29.7,0.00,0.00,18,27.8,2.06,1.11,0.94,50.0,33.3,0.00,0.00,19,31.6,3.26,1.21,2.05,47.4,26.3,0.00,0.00
3106,Legia Warszawa,6261,Ekstraklasa 13/14,13/14,36,72.2,2.08,2.08,0.86,47.2,41.7,0.00,0.00,18,83.3,3.11,2.50,0.61,44.4,50.0,0.00,0.00,18,61.1,2.78,1.67,1.11,50.0,33.3,0.00,0.00
3113,Zagłębie Lubin,6261,Ekstraklasa 13/14,13/14,37,18.9,0.86,0.86,1.38,43.2,18.9,0.00,0.00,18,33.3,2.78,1.33,1.44,55.6,22.2,0.00,0.00,19,5.3,1.74,0.42,1.32,31.6,15.8,0.00,0.00
3111,Wisła Kraków,6261,Ekstraklasa 13/14,13/14,37,37.8,1.38,1.38,1.24,43.2,40.5,0.00,0.00,18,66.7,2.33,1.78,0.56,27.8,55.6,0.00,0.00,19,10.5,2.89,1.00,1.89,57.9,26.3,0.00,0.00
7919,Podbeskidzie Bielsko-Biała,6261,Ekstraklasa 13/14,13/14,37,27.0,1.05,1.05,1.22,43.2,43.2,0.00,0.00,18,38.9,1.56,1.00,0.56,27.8,61.1,0.00,0.00,19,15.8,2.95,1.11,1.84,57.9,26.3,0.00,0.00
7919,Podbeskidzie Bielsko-Biała,4634,Ekstraklasa 12/13,12/13,30,26.7,1.30,1.30,1.43,76.7,13.3,0.00,0.00,15,13.3,3.00,1.40,1.60,86.7,6.7,0.00,0.00,15,40.0,2.47,1.20,1.27,66.7,20.0,0.00,0.00
3119,Polonia Warszawa,4634,Ekstraklasa 12/13,12/13,30,36.7,1.50,1.50,1.13,66.7,23.3,0.00,0.00,15,33.3,2.47,1.33,1.13,73.3,13.3,0.00,0.00,15,40.0,2.80,1.67,1.13,60.0,33.3,0.00,0.00
7918,Piast Gliwice,4634,Ekstraklasa 12/13,12/13,30,43.3,1.37,1.37,1.37,63.3,23.3,0.00,0.00,15,33.3,2.47,1.20,1.27,60.0,33.3,0.00,0.00,15,53.3,3.00,1.53,1.47,66.7,13.3,0.00,0.00
7913,KS Lechia Gdańsk,4634,Ekstraklasa 12/13,12/13,30,33.3,1.40,1.40,1.43,56.7,26.7,0.00,0.00,15,20.0,3.33,1.53,1.80,73.3,20.0,0.00,0.00,15,46.7,2.33,1.27,1.07,40.0,33.3,0.00,0.00
3105,Ruch Chorzów,4634,Ekstraklasa 12/13,12/13,30,26.7,1.17,1.17,1.60,56.7,13.3,0.00,0.00,15,26.7,2.53,1.13,1.40,66.7,20.0,0.00,0.00,15,26.7,3.00,1.20,1.80,46.7,6.7,0.00,0.00
3108,Śląsk Wrocław,4634,Ekstraklasa 12/13,12/13,30,43.3,1.47,1.47,1.40,56.7,26.7,0.00,0.00,15,60.0,2.53,1.53,1.00,60.0,33.3,0.00,0.00,15,26.7,3.20,1.40,1.80,53.3,20.0,0.00,0.00
3115,Widzew Łódź,4634,Ekstraklasa 12/13,12/13,30,26.7,1.00,1.00,1.37,53.3,26.7,0.00,0.00,15,40.0,2.33,1.27,1.07,60.0,33.3,0.00,0.00,15,13.3,2.40,0.73,1.67,46.7,20.0,0.00,0.00
3106,Legia Warszawa,4634,Ekstraklasa 12/13,12/13,30,66.7,1.97,1.97,0.73,50.0,46.7,0.00,0.00,15,80.0,2.73,2.20,0.53,40.0,60.0,0.00,0.00,15,53.3,2.67,1.73,0.93,60.0,33.3,0.00,0.00
7691,Jagiellonia Białystok,4634,Ekstraklasa 12/13,12/13,30,26.7,1.03,1.03,1.50,50.0,23.3,0.00,0.00,15,26.7,2.13,0.87,1.27,33.3,33.3,0.00,0.00,15,26.7,2.93,1.20,1.73,66.7,13.3,0.00,0.00
3111,Wisła Kraków,4634,Ekstraklasa 12/13,12/13,30,33.3,0.93,0.93,1.17,46.7,33.3,0.00,0.00,15,40.0,1.93,1.00,0.93,40.0,46.7,0.00,0.00,15,26.7,2.27,0.87,1.40,53.3,20.0,0.00,0.00
3113,Zagłębie Lubin,4634,Ekstraklasa 12/13,12/13,30,36.7,1.27,1.27,1.23,46.7,33.3,0.00,0.00,15,46.7,2.80,1.60,1.20,53.3,26.7,0.00,0.00,15,26.7,2.20,0.93,1.27,40.0,40.0,0.00,0.00
5065,MKS Korona Kielce,4634,Ekstraklasa 12/13,12/13,30,30.0,1.07,1.07,1.23,46.7,23.3,0.00,0.00,15,60.0,2.27,1.60,0.67,46.7,40.0,0.00,0.00,15,0.0,2.33,0.53,1.80,46.7,6.7,0.00,0.00
3128,GKS Bełchatów,4634,Ekstraklasa 12/13,12/13,30,23.3,0.80,0.80,1.27,43.3,26.7,0.00,0.00,15,26.7,2.20,0.80,1.40,40.0,26.7,0.00,0.00,15,20.0,1.93,0.80,1.13,46.7,26.7,0.00,0.00
3110,Górnik Zabrze,4634,Ekstraklasa 12/13,12/13,30,40.0,1.17,1.17,1.03,40.0,30.0,0.00,0.00,15,46.7,2.27,1.27,1.00,26.7,40.0,0.00,0.00,15,33.3,2.13,1.07,1.07,53.3,20.0,0.00,0.00
3117,Pogoń Szczecin,4634,Ekstraklasa 12/13,12/13,30,33.3,0.97,0.97,1.30,36.7,23.3,0.00,0.00,15,46.7,2.27,1.13,1.13,26.7,33.3,0.00,0.00,15,20.0,2.27,0.80,1.47,46.7,13.3,0.00,0.00
3121,Lech Poznań,4634,Ekstraklasa 12/13,12/13,30,63.3,1.53,1.53,0.73,23.3,56.7,0.00,0.00,15,46.7,2.60,1.60,1.00,26.7,46.7,0.00,0.00,15,80.0,1.93,1.47,0.47,20.0,66.7,0.00,0.00
7691,Jagiellonia Białystok,3411,Ekstraklasa 11/12,11/12,30,36.7,1.17,1.17,1.50,56.7,20.0,0.00,0.00,15,66.7,2.47,1.53,0.93,53.3,26.7,0.00,0.00,15,6.7,2.87,0.80,2.07,60.0,13.3,0.00,0.00
3113,Zagłębie Lubin,3411,Ekstraklasa 11/12,11/12,30,36.7,1.20,1.20,1.40,56.7,26.7,0.00,0.00,15,40.0,2.53,1.20,1.33,66.7,20.0,0.00,0.00,15,33.3,2.67,1.20,1.47,46.7,33.3,0.00,0.00
3110,Górnik Zabrze,3411,Ekstraklasa 11/12,11/12,30,36.7,1.20,1.20,1.00,50.0,33.3,0.00,0.00,15,60.0,2.20,1.53,0.67,33.3,53.3,0.00,0.00,15,13.3,2.20,0.87,1.33,66.7,13.3,0.00,0.00
3108,Śląsk Wrocław,3411,Ekstraklasa 11/12,11/12,30,56.7,1.57,1.57,1.03,46.7,36.7,0.00,0.00,15,60.0,2.67,1.73,0.93,46.7,40.0,0.00,0.00,15,53.3,2.53,1.40,1.13,46.7,33.3,0.00,0.00
3105,Ruch Chorzów,3411,Ekstraklasa 11/12,11/12,30,53.3,1.47,1.47,0.93,46.7,33.3,0.00,0.00,15,60.0,2.40,1.60,0.80,46.7,33.3,0.00,0.00,15,46.7,2.40,1.33,1.07,46.7,33.3,0.00,0.00
3123,ŁKS Łódź,3411,Ekstraklasa 11/12,11/12,30,16.7,0.77,0.77,1.77,46.7,23.3,0.00,0.00,15,6.7,2.73,0.80,1.93,66.7,6.7,0.00,0.00,15,26.7,2.33,0.73,1.60,26.7,40.0,0.00,0.00
3128,GKS Bełchatów,3411,Ekstraklasa 11/12,11/12,30,23.3,1.13,1.13,1.20,46.7,23.3,0.00,0.00,15,40.0,2.87,1.67,1.20,46.7,33.3,0.00,0.00,15,6.7,1.80,0.60,1.20,46.7,13.3,0.00,0.00
4901,Cracovia,3411,Ekstraklasa 11/12,11/12,30,13.3,0.67,0.67,1.37,43.3,23.3,0.00,0.00,15,20.0,2.00,0.67,1.33,40.0,26.7,0.00,0.00,15,6.7,2.07,0.67,1.40,46.7,20.0,0.00,0.00
7919,Podbeskidzie Bielsko-Biała,3411,Ekstraklasa 11/12,11/12,30,30.0,0.87,0.87,1.30,40.0,33.3,0.00,0.00,15,26.7,1.73,0.80,0.93,40.0,40.0,0.00,0.00,15,33.3,2.60,0.93,1.67,40.0,26.7,0.00,0.00
3119,Polonia Warszawa,3411,Ekstraklasa 11/12,11/12,30,43.3,1.10,1.10,1.07,40.0,33.3,0.00,0.00,15,60.0,2.40,1.47,0.93,53.3,33.3,0.00,0.00,15,26.7,1.93,0.73,1.20,26.7,33.3,0.00,0.00
7913,KS Lechia Gdańsk,3411,Ekstraklasa 11/12,11/12,30,23.3,0.70,0.70,1.00,36.7,36.7,0.00,0.00,15,20.0,1.47,0.60,0.87,33.3,46.7,0.00,0.00,15,26.7,1.93,0.80,1.13,40.0,26.7,0.00,0.00
3115,Widzew Łódź,3411,Ekstraklasa 11/12,11/12,30,30.0,0.83,0.83,0.87,36.7,43.3,0.00,0.00,15,33.3,1.67,0.93,0.73,33.3,46.7,0.00,0.00,15,26.7,1.73,0.73,1.00,40.0,40.0,0.00,0.00
5065,MKS Korona Kielce,3411,Ekstraklasa 11/12,11/12,30,43.3,1.13,1.13,0.97,33.3,46.7,0.00,0.00,15,46.7,2.13,1.27,0.87,26.7,53.3,0.00,0.00,15,40.0,2.07,1.00,1.07,40.0,40.0,0.00,0.00
3106,Legia Warszawa,3411,Ekstraklasa 11/12,11/12,30,50.0,1.40,1.40,0.57,30.0,56.7,0.00,0.00,15,53.3,2.00,1.47,0.53,33.3,60.0,0.00,0.00,15,46.7,1.93,1.33,0.60,26.7,53.3,0.00,0.00
3111,Wisła Kraków,3411,Ekstraklasa 11/12,11/12,30,40.0,0.97,0.97,0.87,30.0,33.3,0.00,0.00,15,46.7,1.67,0.93,0.73,20.0,40.0,0.00,0.00,15,33.3,2.00,1.00,1.00,40.0,26.7,0.00,0.00
3121,Lech Poznań,3411,Ekstraklasa 11/12,11/12,30,50.0,1.40,1.40,0.73,26.7,53.3,0.00,0.00,15,73.3,2.20,1.67,0.53,26.7,53.3,0.00,0.00,15,26.7,2.07,1.13,0.93,26.7,53.3,0.00,0.00
5065,MKS Korona Kielce,2737,Ekstraklasa 10/11,10/11,30,33.3,1.13,1.13,1.60,56.7,26.7,0.00,0.00,15,33.3,2.80,1.33,1.47,66.7,26.7,0.00,0.00,15,33.3,2.67,0.93,1.73,46.7,26.7,0.00,0.00
3108,Śląsk Wrocław,2737,Ekstraklasa 10/11,10/11,30,43.3,1.53,1.53,1.13,53.3,36.7,0.00,0.00,15,46.7,2.67,1.80,0.87,46.7,40.0,0.00,0.00,15,40.0,2.67,1.27,1.40,60.0,33.3,0.00,0.00
3115,Widzew Łódź,2737,Ekstraklasa 10/11,10/11,30,36.7,1.37,1.37,1.13,53.3,20.0,0.00,0.00,15,46.7,2.53,1.73,0.80,53.3,33.3,0.00,0.00,15,26.7,2.47,1.00,1.47,53.3,6.7,0.00,0.00
3113,Zagłębie Lubin,2737,Ekstraklasa 10/11,10/11,30,33.3,1.03,1.03,1.27,50.0,30.0,0.00,0.00,15,46.7,1.73,0.93,0.80,33.3,46.7,0.00,0.00,15,20.0,2.87,1.13,1.73,66.7,13.3,0.00,0.00
3128,GKS Bełchatów,2737,Ekstraklasa 10/11,10/11,30,33.3,1.03,1.03,1.10,46.7,40.0,0.00,0.00,15,60.0,1.87,1.20,0.67,33.3,53.3,0.00,0.00,15,6.7,2.40,0.87,1.53,60.0,26.7,0.00,0.00
7913,KS Lechia Gdańsk,2737,Ekstraklasa 10/11,10/11,30,40.0,1.23,1.23,1.20,46.7,33.3,0.00,0.00,15,53.3,2.13,1.33,0.80,40.0,46.7,0.00,0.00,15,26.7,2.73,1.13,1.60,53.3,20.0,0.00,0.00
7692,Polonia Bytom,2737,Ekstraklasa 10/11,10/11,30,20.0,0.97,0.97,1.50,46.7,23.3,0.00,0.00,15,26.7,2.33,1.13,1.20,53.3,26.7,0.00,0.00,15,13.3,2.60,0.80,1.80,40.0,20.0,0.00,0.00
3106,Legia Warszawa,2737,Ekstraklasa 10/11,10/11,30,50.0,1.50,1.50,1.27,43.3,33.3,0.00,0.00,15,66.7,2.87,1.80,1.07,46.7,40.0,0.00,0.00,15,33.3,2.67,1.20,1.47,40.0,26.7,0.00,0.00
4901,Cracovia,2737,Ekstraklasa 10/11,10/11,30,26.7,1.23,1.23,1.57,40.0,23.3,0.00,0.00,15,46.7,3.40,2.00,1.40,53.3,33.3,0.00,0.00,15,6.7,2.20,0.47,1.73,26.7,13.3,0.00,0.00
3110,Górnik Zabrze,2737,Ekstraklasa 10/11,10/11,30,43.3,1.20,1.20,1.33,40.0,30.0,0.00,0.00,15,60.0,2.27,1.60,0.67,40.0,46.7,0.00,0.00,15,26.7,2.80,0.80,2.00,40.0,13.3,0.00,0.00
7691,Jagiellonia Białystok,2737,Ekstraklasa 10/11,10/11,30,46.7,1.27,1.27,1.07,36.7,43.3,0.00,0.00,15,73.3,2.67,1.93,0.73,46.7,53.3,0.00,0.00,15,20.0,2.00,0.60,1.40,26.7,33.3,0.00,0.00
3105,Ruch Chorzów,2737,Ekstraklasa 10/11,10/11,30,33.3,0.97,0.97,1.07,36.7,43.3,0.00,0.00,15,40.0,1.73,0.93,0.80,26.7,53.3,0.00,0.00,15,26.7,2.33,1.00,1.33,46.7,33.3,0.00,0.00
3119,Polonia Warszawa,2737,Ekstraklasa 10/11,10/11,30,40.0,1.37,1.37,0.87,33.3,46.7,0.00,0.00,15,46.7,2.27,1.47,0.80,33.3,46.7,0.00,0.00,15,33.3,2.20,1.27,0.93,33.3,46.7,0.00,0.00
3111,Wisła Kraków,2737,Ekstraklasa 10/11,10/11,30,56.7,1.47,1.47,0.97,33.3,46.7,0.00,0.00,15,73.3,2.53,1.80,0.73,33.3,53.3,0.00,0.00,15,40.0,2.33,1.13,1.20,33.3,40.0,0.00,0.00
5064,MZKS Arka Gdynia,2737,Ekstraklasa 10/11,10/11,30,20.0,0.73,0.73,1.43,30.0,26.7,0.00,0.00,15,40.0,2.53,1.27,1.27,46.7,33.3,0.00,0.00,15,0.0,1.80,0.20,1.60,13.3,20.0,0.00,0.00
3121,Lech Poznań,2737,Ekstraklasa 10/11,10/11,30,43.3,1.23,1.23,0.77,26.7,43.3,0.00,0.00,15,66.7,2.20,1.80,0.40,20.0,73.3,0.00,0.00,15,20.0,1.80,0.67,1.13,33.3,13.3,0.00,0.00
7918,Piast Gliwice,2275,Ekstraklasa 09/10,09/10,30,23.3,1.00,1.00,1.67,53.3,20.0,0.00,0.00,15,26.7,2.67,1.13,1.53,60.0,20.0,0.00,0.00,15,20.0,2.67,0.87,1.80,46.7,20.0,0.00,0.00
5064,MZKS Arka Gdynia,2275,Ekstraklasa 09/10,09/10,30,23.3,0.93,0.93,1.30,53.3,20.0,0.00,0.00,15,26.7,2.07,0.93,1.13,46.7,26.7,0.00,0.00,15,20.0,2.40,0.93,1.47,60.0,13.3,0.00,0.00
3108,Śląsk Wrocław,2275,Ekstraklasa 09/10,09/10,30,26.7,1.07,1.07,1.10,50.0,30.0,0.00,0.00,15,46.7,2.20,1.27,0.93,46.7,46.7,0.00,0.00,15,6.7,2.13,0.87,1.27,53.3,13.3,0.00,0.00
3114,MKS Odra Wodzisław Śląski,2275,Ekstraklasa 09/10,09/10,30,23.3,0.90,0.90,1.50,50.0,23.3,0.00,0.00,15,33.3,2.33,1.00,1.33,46.7,33.3,0.00,0.00,15,13.3,2.47,0.80,1.67,53.3,13.3,0.00,0.00
5065,MKS Korona Kielce,2275,Ekstraklasa 09/10,09/10,30,30.0,1.17,1.17,1.37,46.7,26.7,0.00,0.00,15,40.0,2.87,1.53,1.33,53.3,33.3,0.00,0.00,15,20.0,2.20,0.80,1.40,40.0,20.0,0.00,0.00
7692,Polonia Bytom,2275,Ekstraklasa 09/10,09/10,30,30.0,0.97,0.97,1.03,46.7,30.0,0.00,0.00,15,46.7,2.07,1.27,0.80,53.3,40.0,0.00,0.00,15,13.3,1.93,0.67,1.27,40.0,20.0,0.00,0.00
3128,GKS Bełchatów,2275,Ekstraklasa 09/10,09/10,30,43.3,1.23,1.23,0.90,43.3,40.0,0.00,0.00,15,60.0,2.27,1.53,0.73,40.0,46.7,0.00,0.00,15,26.7,2.00,0.93,1.07,46.7,33.3,0.00,0.00
7913,KS Lechia Gdańsk,2275,Ekstraklasa 09/10,09/10,30,30.0,1.00,1.00,1.07,43.3,30.0,0.00,0.00,15,26.7,1.73,0.80,0.93,40.0,33.3,0.00,0.00,15,33.3,2.40,1.20,1.20,46.7,26.7,0.00,0.00
3111,Wisła Kraków,2275,Ekstraklasa 09/10,09/10,30,63.3,1.60,1.60,0.67,43.3,36.7,0.00,0.00,15,53.3,1.80,1.20,0.60,33.3,40.0,0.00,0.00,15,73.3,2.73,2.00,0.73,53.3,33.3,0.00,0.00
3113,Zagłębie Lubin,2275,Ekstraklasa 09/10,09/10,30,26.7,1.00,1.00,1.27,43.3,30.0,0.00,0.00,15,20.0,2.00,0.93,1.07,46.7,33.3,0.00,0.00,15,33.3,2.53,1.07,1.47,40.0,26.7,0.00,0.00
3121,Lech Poznań,2275,Ekstraklasa 09/10,09/10,30,63.3,1.70,1.70,0.67,40.0,53.3,0.00,0.00,15,80.0,2.53,1.87,0.67,40.0,60.0,0.00,0.00,15,46.7,2.20,1.53,0.67,40.0,46.7,0.00,0.00
4901,Cracovia,2275,Ekstraklasa 09/10,09/10,30,30.0,0.83,0.83,1.30,40.0,33.3,0.00,0.00,15,33.3,2.73,1.20,1.53,60.0,26.7,0.00,0.00,15,26.7,1.53,0.47,1.07,20.0,40.0,0.00,0.00
3105,Ruch Chorzów,2275,Ekstraklasa 09/10,09/10,30,53.3,1.33,1.33,1.00,40.0,43.3,0.00,0.00,15,66.7,2.27,1.47,0.80,33.3,60.0,0.00,0.00,15,40.0,2.40,1.20,1.20,46.7,26.7,0.00,0.00
3119,Polonia Warszawa,2275,Ekstraklasa 09/10,09/10,30,30.0,0.83,0.83,1.27,36.7,20.0,0.00,0.00,15,40.0,1.87,0.87,1.00,33.3,26.7,0.00,0.00,15,20.0,2.33,0.80,1.53,40.0,13.3,0.00,0.00
7691,Jagiellonia Białystok,2275,Ekstraklasa 09/10,09/10,30,36.7,0.97,0.97,0.90,36.7,50.0,0.00,0.00,15,60.0,1.60,1.20,0.40,26.7,73.3,0.00,0.00,15,13.3,2.13,0.73,1.40,46.7,26.7,0.00,0.00
3106,Legia Warszawa,2275,Ekstraklasa 09/10,09/10,30,50.0,1.20,1.20,0.73,26.7,46.7,0.00,0.00,15,60.0,2.47,1.73,0.73,33.3,53.3,0.00,0.00,15,40.0,1.40,0.67,0.73,20.0,40.0,0.00,0.00
3108,Śląsk Wrocław,1691,Ekstraklasa 08/09,08/09,30,36.7,1.33,1.33,1.13,56.7,23.3,0.00,0.00,15,53.3,2.47,1.67,0.80,53.3,26.7,0.00,0.00,15,20.0,2.47,1.00,1.47,60.0,20.0,0.00,0.00
3121,Lech Poznań,1691,Ekstraklasa 08/09,08/09,30,53.3,1.70,1.70,0.80,50.0,46.7,0.00,0.00,15,46.7,2.13,1.47,0.67,46.7,53.3,0.00,0.00,15,60.0,2.87,1.93,0.93,53.3,40.0,0.00,0.00
3111,Wisła Kraków,1691,Ekstraklasa 08/09,08/09,30,63.3,1.77,1.77,0.70,46.7,50.0,0.00,0.00,15,86.7,2.67,2.07,0.60,40.0,60.0,0.00,0.00,15,40.0,2.27,1.47,0.80,53.3,40.0,0.00,0.00
7913,KS Lechia Gdańsk,1691,Ekstraklasa 08/09,08/09,30,30.0,1.00,1.00,1.47,46.7,23.3,0.00,0.00,15,46.7,2.60,1.40,1.20,53.3,33.3,0.00,0.00,15,13.3,2.33,0.60,1.73,40.0,13.3,0.00,0.00
7692,Polonia Bytom,1691,Ekstraklasa 08/09,08/09,30,33.3,1.00,1.00,1.53,46.7,23.3,0.00,0.00,15,46.7,2.47,1.27,1.20,53.3,33.3,0.00,0.00,15,20.0,2.60,0.73,1.87,40.0,13.3,0.00,0.00
5064,MZKS Arka Gdynia,1691,Ekstraklasa 08/09,08/09,30,23.3,0.90,0.90,1.30,43.3,26.7,0.00,0.00,15,40.0,2.40,1.27,1.13,46.7,20.0,0.00,0.00,15,6.7,2.00,0.53,1.47,40.0,33.3,0.00,0.00
3128,GKS Bełchatów,1691,Ekstraklasa 08/09,08/09,30,56.7,1.33,1.33,0.93,36.7,43.3,0.00,0.00,15,60.0,2.07,1.40,0.67,33.3,60.0,0.00,0.00,15,53.3,2.47,1.27,1.20,40.0,26.7,0.00,0.00
3119,Polonia Warszawa,1691,Ekstraklasa 08/09,08/09,30,50.0,1.33,1.33,0.77,36.7,53.3,0.00,0.00,15,46.7,1.93,1.27,0.67,26.7,66.7,0.00,0.00,15,53.3,2.27,1.40,0.87,46.7,40.0,0.00,0.00
4901,Cracovia,1691,Ekstraklasa 08/09,08/09,30,23.3,0.80,0.80,1.33,33.3,33.3,0.00,0.00,15,40.0,1.33,0.80,0.53,20.0,60.0,0.00,0.00,15,6.7,2.93,0.80,2.13,46.7,6.7,0.00,0.00
3114,MKS Odra Wodzisław Śląski,1691,Ekstraklasa 08/09,08/09,30,26.7,0.77,0.77,1.33,33.3,33.3,0.00,0.00,15,33.3,1.73,0.93,0.80,26.7,40.0,0.00,0.00,15,20.0,2.47,0.60,1.87,40.0,26.7,0.00,0.00
7691,Jagiellonia Białystok,1691,Ekstraklasa 08/09,08/09,30,30.0,0.93,0.93,1.13,30.0,30.0,0.00,0.00,15,60.0,2.60,1.60,1.00,33.3,46.7,0.00,0.00,15,0.0,1.53,0.27,1.27,26.7,13.3,0.00,0.00
3106,Legia Warszawa,1691,Ekstraklasa 08/09,08/09,30,60.0,1.73,1.73,0.57,30.0,56.7,0.00,0.00,15,80.0,3.00,2.53,0.47,40.0,60.0,0.00,0.00,15,40.0,1.60,0.93,0.67,20.0,53.3,0.00,0.00
3123,ŁKS Łódź,1691,Ekstraklasa 08/09,08/09,30,33.3,0.90,0.90,1.43,26.7,33.3,0.00,0.00,15,40.0,2.13,1.00,1.13,20.0,46.7,0.00,0.00,15,26.7,2.53,0.80,1.73,33.3,20.0,0.00,0.00
3105,Ruch Chorzów,1691,Ekstraklasa 08/09,08/09,30,30.0,0.73,0.73,1.07,26.7,40.0,0.00,0.00,15,40.0,1.60,0.87,0.73,26.7,46.7,0.00,0.00,15,20.0,2.00,0.60,1.40,26.7,33.3,0.00,0.00
3110,Górnik Zabrze,1691,Ekstraklasa 08/09,08/09,31,22.6,0.67,0.67,1.10,22.6,35.5,0.00,0.00,15,40.0,2.13,1.13,1.00,33.3,46.7,0.00,0.00,16,6.3,1.40,0.20,1.20,12.5,25.0,0.00,0.00
7918,Piast Gliwice,1691,Ekstraklasa 08/09,08/09,31,29.0,0.57,0.57,0.87,19.4,38.7,0.00,0.00,16,31.3,1.67,0.73,0.93,31.3,31.3,0.00,0.00,15,26.7,1.20,0.40,0.80,6.7,46.7,0.00,0.00
