team_id,team_name,season_id,season_name,season_year,matches_played,avg_possession_pct,total_accurate_passes,total_passes,accurate_passes_per_game,total_passes_per_game,pass_accuracy_pct,total_accurate_long_balls,accurate_long_balls_per_game,total_accurate_crosses,accurate_crosses_per_game,total_final_third_entries,final_third_entries_per_game,total_touches_in_box,touches_in_box_per_game,total_dispossessed,dispossessed_per_game,total_throw_ins,throw_ins_per_game,total_goal_kicks,goal_kicks_per_game
7691,Jagiellonia Białystok,76477,Ekstraklasa 25/26,25/26,15,58.9,6163,7310,410.9,487.3,84.3,252,16.80,75,5.00,775,51.67,384,25.60,143,9.53,237,15.80,102,6.80
7918,Piast Gliwice,76477,Ekstraklasa 25/26,25/26,15,58.7,5838,6867,389.2,457.8,85.0,319,21.27,72,4.80,798,53.20,356,23.73,90,6.00,266,17.73,93,6.20
3121,Lech Poznań,76477,Ekstraklasa 25/26,25/26,16,57.7,6145,7289,384.1,455.6,84.3,387,24.19,64,4.00,979,61.19,413,25.81,111,6.94,275,17.19,117,7.31
3106,Legia Warszawa,76477,Ekstraklasa 25/26,25/26,16,56.9,5846,7044,365.4,440.3,83.0,371,23.19,98,6.13,1029,64.31,465,29.06,126,7.88,284,17.75,76,4.75
35268,Raków Częstochowa,76477,Ekstraklasa 25/26,25/26,16,54.6,5596,6706,349.8,419.1,83.4,350,21.88,87,5.44,733,45.81,380,23.75,121,7.56,240,15.00,97,6.06
3117,Pogoń Szczecin,76477,Ekstraklasa 25/26,25/26,17,52.4,5521,6853,324.8,403.1,80.6,363,21.35,90,5.29,889,52.29,480,28.24,95,5.59,322,18.94,124,7.29
7915,Motor Lublin,76477,Ekstraklasa 25/26,25/26,16,51.5,5013,6019,313.3,376.2,83.3,251,15.69,65,4.06,647,40.44,379,23.69,128,8.00,233,14.56,140,8.75
7913,KS Lechia Gdańsk,76477,Ekstraklasa 25/26,25/26,17,49.3,4702,5952,276.6,350.1,79.0,281,16.53,84,4.94,856,50.35,369,21.71,76,4.47,329,19.35,105,6.18
3110,Górnik Zabrze,76477,Ekstraklasa 25/26,25/26,17,49.0,5578,6601,328.1,388.3,84.5,422,24.82,73,4.29,769,45.24,425,25.00,118,6.94,291,17.12,102,6.00
7295,Radomiak Radom,76477,Ekstraklasa 25/26,25/26,17,48.9,4668,5760,274.6,338.8,81.0,340,20.00,71,4.18,716,42.12,343,20.18,110,6.47,273,16.06,120,7.06
4901,Cracovia,76477,Ekstraklasa 25/26,25/26,16,48.2,4691,5951,293.2,371.9,78.8,291,18.19,62,3.88,779,48.69,279,17.44,97,6.06,269,16.81,112,7.00
3115,Widzew Łódź,76477,Ekstraklasa 25/26,25/26,17,47.8,4607,5749,271.0,338.2,80.1,373,21.94,45,2.65,741,43.59,356,20.94,110,6.47,260,15.29,126,7.41
3112,GKS Katowice,76477,Ekstraklasa 25/26,25/26,16,47.1,4585,5800,286.6,362.5,79.1,361,22.56,68,4.25,748,46.75,348,21.75,93,5.81,297,18.56,120,7.50
36851,Bruk-Bet Termalica Nieciecza,76477,Ekstraklasa 25/26,25/26,17,46.8,4744,6015,279.1,353.8,78.9,391,23.00,74,4.35,826,48.59,338,19.88,137,8.06,284,16.71,132,7.76
5064,MZKS Arka Gdynia,76477,Ekstraklasa 25/26,25/26,17,45.8,4397,5535,258.6,325.6,79.4,288,16.94,61,3.59,709,41.71,248,14.59,110,6.47,273,16.06,141,8.29
5065,MKS Korona Kielce,76477,Ekstraklasa 25/26,25/26,17,45.8,4276,5508,251.5,324.0,77.6,349,20.53,80,4.71,809,47.59,435,25.59,119,7.00,274,16.12,130,7.65
3122,Wisła Płock,76477,Ekstraklasa 25/26,25/26,16,42.9,4323,5404,270.2,337.8,80.0,385,24.06,66,4.13,704,44.00,291,18.19,82,5.13,233,14.56,118,7.38
3113,Zagłębie Lubin,76477,Ekstraklasa 25/26,25/26,16,40.0,3481,4720,217.6,295.0,73.8,370,23.13,68,4.25,693,43.31,325,20.31,105,6.56,260,16.25,125,7.81
3121,Lech Poznań,61236,Ekstraklasa 24/25,24/25,33,59.1,14014,16617,424.7,503.5,84.3,677,20.52,145,4.39,1812,54.91,932,28.24,249,7.55,615,18.64,255,7.73
3110,Górnik Zabrze,61236,Ekstraklasa 24/25,24/25,32,56.8,14332,16734,447.9,522.9,85.6,1107,34.59,114,3.56,1612,50.38,725,22.66,214,6.69,542,16.94,259,8.09
3117,Pogoń Szczecin,61236,Ekstraklasa 24/25,24/25,33,55.9,12254,14928,371.3,452.4,82.1,830,25.15,188,5.70,1836,55.64,897,27.18,212,6.42,635,19.24,228,6.91
3106,Legia Warszawa,61236,Ekstraklasa 24/25,24/25,33,53.8,11804,14473,357.7,438.6,81.6,663,20.09,165,5.00,1836,55.64,1045,31.67,323,9.79,628,19.03,238,7.21
7691,Jagiellonia Białystok,61236,Ekstraklasa 24/25,24/25,33,53.8,12334,14878,373.8,450.8,82.9,687,20.82,135,4.09,1844,55.88,964,29.21,249,7.55,585,17.73,250,7.58
35268,Raków Częstochowa,61236,Ekstraklasa 24/25,24/25,33,52.3,11044,13607,334.7,412.3,81.2,760,23.03,174,5.27,1679,50.88,799,24.21,264,8.00,613,18.58,233,7.06
3115,Widzew Łódź,61236,Ekstraklasa 24/25,24/25,33,49.5,11046,13481,334.7,408.5,81.9,697,21.12,137,4.15,1564,47.39,653,19.79,276,8.36,622,18.85,260,7.88
38732,Stal Mielec,61236,Ekstraklasa 24/25,24/25,33,49.0,10932,13623,331.3,412.8,80.2,818,24.79,204,6.18,1579,47.85,757,22.94,274,8.30,639,19.36,280,8.48
3112,GKS Katowice,61236,Ekstraklasa 24/25,24/25,33,48.5,10626,13362,322.0,404.9,79.5,808,24.48,171,5.18,1526,46.24,814,24.67,262,7.94,552,16.73,322,9.76
7918,Piast Gliwice,61236,Ekstraklasa 24/25,24/25,33,48.4,10901,13838,330.3,419.3,78.8,781,23.67,146,4.42,1854,56.18,726,22.00,236,7.15,612,18.55,225,6.82
7913,KS Lechia Gdańsk,61236,Ekstraklasa 24/25,24/25,32,48.3,9691,12271,302.8,383.5,79.0,713,22.28,109,3.41,1757,54.91,760,23.75,204,6.38,692,21.63,258,8.06
3108,Śląsk Wrocław,61236,Ekstraklasa 24/25,24/25,33,48.2,9443,11984,286.2,363.2,78.8,788,23.88,155,4.70,1628,49.33,779,23.61,279,8.45,605,18.33,232,7.03
7295,Radomiak Radom,61236,Ekstraklasa 24/25,24/25,33,47.8,9255,11936,280.5,361.7,77.5,778,23.58,199,6.03,1573,47.67,768,23.27,242,7.33,623,18.88,279,8.45
7915,Motor Lublin,61236,Ekstraklasa 24/25,24/25,32,47.8,10402,12837,325.1,401.2,81.0,540,16.88,140,4.38,1632,51.00,722,22.56,227,7.09,609,19.03,247,7.72
5065,MKS Korona Kielce,61236,Ekstraklasa 24/25,24/25,33,47.1,9122,11824,276.4,358.3,77.1,694,21.03,142,4.30,1717,52.03,688,20.85,293,8.88,605,18.33,278,8.42
4901,Cracovia,61236,Ekstraklasa 24/25,24/25,33,47.0,9663,12377,292.8,375.1,78.1,726,22.00,165,5.00,1760,53.33,705,21.36,250,7.58,627,19.00,254,7.70
3113,Zagłębie Lubin,61236,Ekstraklasa 24/25,24/25,33,46.3,9187,12015,278.4,364.1,76.5,748,22.67,166,5.03,1707,51.73,789,23.91,233,7.06,635,19.24,263,7.97
38729,Puszcza Niepołomice,61236,Ekstraklasa 24/25,24/25,32,40.1,6472,9101,202.3,284.4,71.1,856,26.75,146,4.56,1670,52.19,700,21.88,181,5.66,514,16.06,316,9.88
3121,Lech Poznań,52176,Ekstraklasa 23/24,23/24,32,59.0,13307,15883,415.8,496.3,83.8,1015,31.72,146,4.56,1921,60.03,41,1.28,259,8.09,635,19.84,246,7.69
7691,Jagiellonia Białystok,52176,Ekstraklasa 23/24,23/24,32,57.9,13749,16276,429.7,508.6,84.5,713,22.28,139,4.34,1783,55.72,133,4.16,224,7.00,587,18.34,218,6.81
3106,Legia Warszawa,52176,Ekstraklasa 23/24,23/24,33,56.8,12909,15610,391.2,473.0,82.7,753,22.82,184,5.58,2009,60.88,63,1.91,274,8.30,682,20.67,236,7.15
35268,Raków Częstochowa,52176,Ekstraklasa 23/24,23/24,33,55.9,12209,15055,370.0,456.2,81.1,850,25.76,164,4.97,1946,58.97,78,2.36,265,8.03,682,20.67,206,6.24
3117,Pogoń Szczecin,52176,Ekstraklasa 23/24,23/24,32,55.8,12529,15288,391.5,477.8,82.0,859,26.84,182,5.69,1933,60.41,81,2.53,207,6.47,651,20.34,222,6.94
3115,Widzew Łódź,52176,Ekstraklasa 23/24,23/24,32,52.7,11723,14402,366.3,450.1,81.4,767,23.97,151,4.72,1860,58.13,48,1.50,234,7.31,700,21.88,239,7.47
3113,Zagłębie Lubin,52176,Ekstraklasa 23/24,23/24,32,50.2,11671,14383,364.7,449.5,81.1,859,26.84,147,4.59,1665,52.03,55,1.72,235,7.34,603,18.84,231,7.22
7918,Piast Gliwice,52176,Ekstraklasa 23/24,23/24,32,50.0,10346,13142,323.3,410.7,78.7,768,24.00,144,4.50,1912,59.75,36,1.13,221,6.91,666,20.81,219,6.84
5065,MKS Korona Kielce,52176,Ekstraklasa 23/24,23/24,33,49.4,9496,12540,287.8,380.0,75.7,1017,30.82,146,4.42,1931,58.52,78,2.36,227,6.88,774,23.45,241,7.30
3110,Górnik Zabrze,52176,Ekstraklasa 23/24,23/24,32,49.3,10813,13347,337.9,417.1,81.0,1061,33.16,101,3.16,1555,48.59,64,2.00,190,5.94,594,18.56,317,9.91
38732,Stal Mielec,52176,Ekstraklasa 23/24,23/24,32,48.7,10871,13784,339.7,430.8,78.9,815,25.47,116,3.63,1652,51.63,54,1.69,240,7.50,650,20.31,327,10.22
3123,ŁKS Łódź,52176,Ekstraklasa 23/24,23/24,32,48.6,10340,12932,323.1,404.1,80.0,847,26.47,94,2.94,1584,49.50,35,1.09,265,8.28,628,19.63,293,9.16
7295,Radomiak Radom,52176,Ekstraklasa 23/24,23/24,32,48.6,8914,11531,278.6,360.3,77.3,796,24.88,189,5.91,1711,53.47,38,1.19,212,6.63,644,20.13,238,7.44
3105,Ruch Chorzów,52176,Ekstraklasa 23/24,23/24,32,47.8,9121,11984,285.0,374.5,76.1,780,24.38,150,4.69,1602,50.06,53,1.66,213,6.66,716,22.38,290,9.06
4901,Cracovia,52176,Ekstraklasa 23/24,23/24,33,44.8,8878,11730,269.0,355.5,75.7,871,26.39,166,5.03,1870,56.67,97,2.94,211,6.39,680,20.61,272,8.24
3108,Śląsk Wrocław,52176,Ekstraklasa 23/24,23/24,32,44.4,9067,11648,283.3,364.0,77.8,1001,31.28,121,3.78,1673,52.28,81,2.53,270,8.44,582,18.19,286,8.94
7922,Warta Poznań,52176,Ekstraklasa 23/24,23/24,32,41.7,7683,10874,240.1,339.8,70.7,753,23.53,123,3.84,1929,60.28,68,2.13,230,7.19,688,21.50,240,7.50
38729,Puszcza Niepołomice,52176,Ekstraklasa 23/24,23/24,32,38.0,5830,8594,182.2,268.6,67.8,795,24.84,161,5.03,1581,49.41,79,2.47,188,5.88,606,18.94,314,9.81
3121,Lech Poznań,42004,Ekstraklasa 22/23,22/23,33,60.3,14387,17072,436.0,517.3,84.3,1163,35.24,130,3.94,2061,62.45,0,0.00,267,8.09,665,20.15,226,6.85
3106,Legia Warszawa,42004,Ekstraklasa 22/23,22/23,33,58.7,13510,16255,409.4,492.6,83.1,899,27.24,178,5.39,1808,54.79,0,0.00,266,8.06,630,19.09,229,6.94
3117,Pogoń Szczecin,42004,Ekstraklasa 22/23,22/23,33,58.1,13222,16190,400.7,490.6,81.7,867,26.27,138,4.18,1965,59.55,0,0.00,311,9.42,763,23.12,249,7.55
3122,Wisła Płock,42004,Ekstraklasa 22/23,22/23,32,55.0,11779,14706,368.1,459.6,80.1,853,26.66,126,3.94,1725,53.91,0,0.00,207,6.47,716,22.38,303,9.47
3110,Górnik Zabrze,42004,Ekstraklasa 22/23,22/23,33,54.6,12464,15554,377.7,471.3,80.1,1058,32.06,149,4.52,2004,60.73,0,0.00,252,7.64,702,21.27,267,8.09
35268,Raków Częstochowa,42004,Ekstraklasa 22/23,22/23,33,53.5,11627,14590,352.3,442.1,79.7,884,26.79,150,4.55,1979,59.97,0,0.00,306,9.27,659,19.97,187,5.67
7913,KS Lechia Gdańsk,42004,Ekstraklasa 22/23,22/23,33,52.5,11338,14097,343.6,427.2,80.4,850,25.76,156,4.73,1757,53.24,0,0.00,284,8.61,705,21.36,289,8.76
3115,Widzew Łódź,42004,Ekstraklasa 22/23,22/23,32,49.2,10340,13178,323.1,411.8,78.5,824,25.75,166,5.19,1615,50.47,0,0.00,256,8.00,660,20.63,309,9.66
38732,Stal Mielec,42004,Ekstraklasa 22/23,22/23,33,49.0,10368,13499,314.2,409.1,76.8,819,24.82,132,4.00,1757,53.24,0,0.00,245,7.42,703,21.30,302,9.15
3108,Śląsk Wrocław,42004,Ekstraklasa 22/23,22/23,33,47.6,10141,13059,307.3,395.7,77.7,997,30.21,114,3.45,1781,53.97,0,0.00,276,8.36,684,20.73,260,7.88
3113,Zagłębie Lubin,42004,Ekstraklasa 22/23,22/23,33,47.3,9905,12875,300.2,390.2,76.9,802,24.30,152,4.61,1842,55.82,0,0.00,226,6.85,725,21.97,294,8.91
7691,Jagiellonia Białystok,42004,Ekstraklasa 22/23,22/23,32,47.0,9211,12230,287.8,382.2,75.3,762,23.81,118,3.69,1588,49.63,0,0.00,260,8.13,654,20.44,304,9.50
7295,Radomiak Radom,42004,Ekstraklasa 22/23,22/23,33,46.5,8686,11625,263.2,352.3,74.7,963,29.18,169,5.12,1924,58.30,0,0.00,230,6.97,704,21.33,271,8.21
7918,Piast Gliwice,42004,Ekstraklasa 22/23,22/23,33,45.5,9559,12610,289.7,382.1,75.8,846,25.64,149,4.52,1905,57.73,0,0.00,224,6.79,684,20.73,246,7.45
7922,Warta Poznań,42004,Ekstraklasa 22/23,22/23,32,45.5,9393,12508,293.5,390.9,75.1,767,23.97,128,4.00,1860,58.13,0,0.00,230,7.19,596,18.63,237,7.41
4901,Cracovia,42004,Ekstraklasa 22/23,22/23,32,44.9,8515,11408,266.1,356.5,74.6,870,27.19,166,5.19,1786,55.81,0,0.00,220,6.88,675,21.09,283,8.84
35330,Miedź Legnica,42004,Ekstraklasa 22/23,22/23,33,43.3,8993,12073,272.5,365.8,74.5,846,25.64,130,3.94,1813,54.94,0,0.00,236,7.15,713,21.61,280,8.48
5065,MKS Korona Kielce,42004,Ekstraklasa 22/23,22/23,32,40.9,6929,9742,216.5,304.4,71.1,806,25.19,169,5.28,1654,51.69,0,0.00,246,7.69,731,22.84,264,8.25
3121,Lech Poznań,37062,Ekstraklasa 21/22,21/22,32,56.1,12454,15401,389.2,481.3,80.9,1159,36.22,135,4.22,2122,66.31,0,0.00,243,7.59,657,20.53,201,6.28
3106,Legia Warszawa,37062,Ekstraklasa 21/22,21/22,33,55.9,12522,15606,379.5,472.9,80.2,882,26.73,198,6.00,2032,61.58,0,0.00,276,8.36,687,20.82,215,6.52
3117,Pogoń Szczecin,37062,Ekstraklasa 21/22,21/22,33,55.0,11652,14658,353.1,444.2,79.5,847,25.67,180,5.45,1956,59.27,0,0.00,273,8.27,706,21.39,231,7.00
7913,KS Lechia Gdańsk,37062,Ekstraklasa 21/22,21/22,33,54.2,11242,14301,340.7,433.4,78.6,886,26.85,167,5.06,1825,55.30,0,0.00,258,7.82,735,22.27,262,7.94
3111,Wisła Kraków,37062,Ekstraklasa 21/22,21/22,33,53.4,11260,14493,341.2,439.2,77.7,951,28.82,127,3.85,1983,60.09,0,0.00,268,8.12,846,25.64,274,8.30
3110,Górnik Zabrze,37062,Ekstraklasa 21/22,21/22,32,51.8,10945,14285,342.0,446.4,76.6,1072,33.50,115,3.59,1837,57.41,0,0.00,231,7.22,713,22.28,251,7.84
36851,Bruk-Bet Termalica Nieciecza,37062,Ekstraklasa 21/22,21/22,33,51.8,10169,13225,308.2,400.8,76.9,923,27.97,164,4.97,1848,56.00,0,0.00,230,6.97,685,20.76,290,8.79
3122,Wisła Płock,37062,Ekstraklasa 21/22,21/22,33,50.5,10120,13356,306.7,404.7,75.8,861,26.09,138,4.18,1664,50.42,0,0.00,277,8.39,701,21.24,324,9.82
4901,Cracovia,37062,Ekstraklasa 21/22,21/22,33,49.1,9196,12436,278.7,376.8,73.9,913,27.67,162,4.91,1815,55.00,0,0.00,228,6.91,766,23.21,313,9.48
35268,Raków Częstochowa,37062,Ekstraklasa 21/22,21/22,33,48.9,9905,12854,300.2,389.5,77.1,749,22.70,172,5.21,1902,57.64,0,0.00,336,10.18,658,19.94,245,7.42
3113,Zagłębie Lubin,37062,Ekstraklasa 21/22,21/22,32,48.8,9663,12756,302.0,398.6,75.8,697,21.78,155,4.84,1781,55.66,0,0.00,279,8.72,759,23.72,259,8.09
7295,Radomiak Radom,37062,Ekstraklasa 21/22,21/22,33,48.5,9115,12173,276.2,368.9,74.9,962,29.15,142,4.30,1835,55.61,0,0.00,301,9.12,749,22.70,278,8.42
7691,Jagiellonia Białystok,37062,Ekstraklasa 21/22,21/22,33,48.3,10283,13404,311.6,406.2,76.7,795,24.09,149,4.52,1797,54.45,0,0.00,256,7.76,670,20.30,269,8.15
3108,Śląsk Wrocław,37062,Ekstraklasa 21/22,21/22,33,48.3,10392,13578,314.9,411.5,76.5,855,25.91,139,4.21,1856,56.24,0,0.00,286,8.67,682,20.67,263,7.97
7918,Piast Gliwice,37062,Ekstraklasa 21/22,21/22,32,47.1,9764,12795,305.1,399.8,76.3,857,26.78,167,5.22,1781,55.66,0,0.00,250,7.81,676,21.13,262,8.19
38732,Stal Mielec,37062,Ekstraklasa 21/22,21/22,32,45.3,8863,11888,277.0,371.5,74.6,805,25.16,106,3.31,1576,49.25,0,0.00,246,7.69,611,19.09,325,10.16
3125,Górnik Łęczna,37062,Ekstraklasa 21/22,21/22,32,44.3,8658,11611,270.6,362.8,74.6,800,25.00,140,4.38,1546,48.31,0,0.00,256,8.00,600,18.75,310,9.69
7922,Warta Poznań,37062,Ekstraklasa 21/22,21/22,33,42.5,8430,11638,255.5,352.7,72.4,786,23.82,112,3.39,1743,52.82,0,0.00,247,7.48,744,22.55,264,8.00
3106,Legia Warszawa,29222,Ekstraklasa 20/21,20/21,30,57.8,0,0,0.0,0.0,,0,0.00,0,0.00,0,0.00,0,0.00,0,0.00,636,21.20,206,6.87
3121,Lech Poznań,29222,Ekstraklasa 20/21,20/21,30,56.6,0,0,0.0,0.0,,0,0.00,0,0.00,0,0.00,0,0.00,0,0.00,596,19.87,221,7.37
3117,Pogoń Szczecin,29222,Ekstraklasa 20/21,20/21,30,55.0,0,0,0.0,0.0,,0,0.00,0,0.00,0,0.00,0,0.00,0,0.00,563,18.77,209,6.97
3110,Górnik Zabrze,29222,Ekstraklasa 20/21,20/21,30,51.9,0,0,0.0,0.0,,0,0.00,0,0.00,0,0.00,0,0.00,0,0.00,709,23.63,205,6.83
7918,Piast Gliwice,29222,Ekstraklasa 20/21,20/21,30,51.0,0,0,0.0,0.0,,0,0.00,0,0.00,0,0.00,0,0.00,0,0.00,678,22.60,228,7.60
7913,KS Lechia Gdańsk,29222,Ekstraklasa 20/21,20/21,30,50.3,0,0,0.0,0.0,,0,0.00,0,0.00,0,0.00,0,0.00,0,0.00,669,22.30,259,8.63
3111,Wisła Kraków,29222,Ekstraklasa 20/21,20/21,30,49.7,0,0,0.0,0.0,,0,0.00,0,0.00,0,0.00,0,0.00,0,0.00,699,23.30,262,8.73
3122,Wisła Płock,29222,Ekstraklasa 20/21,20/21,30,49.5,0,0,0.0,0.0,,0,0.00,0,0.00,0,0.00,0,0.00,0,0.00,772,25.73,209,6.97
35268,Raków Częstochowa,29222,Ekstraklasa 20/21,20/21,30,49.3,0,0,0.0,0.0,,0,0.00,0,0.00,0,0.00,0,0.00,0,0.00,651,21.70,236,7.87
3113,Zagłębie Lubin,29222,Ekstraklasa 20/21,20/21,30,48.4,0,0,0.0,0.0,,0,0.00,0,0.00,0,0.00,0,0.00,0,0.00,671,22.37,270,9.00
3108,Śląsk Wrocław,29222,Ekstraklasa 20/21,20/21,30,48.0,0,0,0.0,0.0,,0,0.00,0,0.00,0,0.00,0,0.00,0,0.00,613,20.43,249,8.30
4901,Cracovia,29222,Ekstraklasa 20/21,20/21,30,47.8,0,0,0.0,0.0,,0,0.00,0,0.00,0,0.00,0,0.00,0,0.00,651,21.70,269,8.97
7919,Podbeskidzie Bielsko-Biała,29222,Ekstraklasa 20/21,20/21,30,47.6,0,0,0.0,0.0,,0,0.00,0,0.00,0,0.00,0,0.00,0,0.00,618,20.60,271,9.03
7691,Jagiellonia Białystok,29222,Ekstraklasa 20/21,20/21,30,47.6,0,0,0.0,0.0,,0,0.00,0,0.00,0,0.00,0,0.00,0,0.00,590,19.67,295,9.83
38732,Stal Mielec,29222,Ekstraklasa 20/21,20/21,30,45.5,0,0,0.0,0.0,,0,0.00,0,0.00,0,0.00,0,0.00,0,0.00,600,20.00,287,9.57
7922,Warta Poznań,29222,Ekstraklasa 20/21,20/21,30,44.2,0,0,0.0,0.0,,0,0.00,0,0.00,0,0.00,0,0.00,0,0.00,670,22.33,273,9.10
3121,Lech Poznań,23666,Ekstraklasa 19/20,19/20,37,55.9,0,0,0.0,0.0,,0,0.00,0,0.00,0,0.00,0,0.00,0,0.00,822,22.22,314,8.49
3106,Legia Warszawa,23666,Ekstraklasa 19/20,19/20,37,54.1,0,0,0.0,0.0,,0,0.00,0,0.00,0,0.00,0,0.00,0,0.00,854,23.08,250,6.76
3117,Pogoń Szczecin,23666,Ekstraklasa 19/20,19/20,37,53.1,0,0,0.0,0.0,,0,0.00,0,0.00,0,0.00,0,0.00,0,0.00,789,21.32,313,8.46
3123,ŁKS Łódź,23666,Ekstraklasa 19/20,19/20,37,51.7,0,0,0.0,0.0,,0,0.00,0,0.00,0,0.00,0,0.00,0,0.00,801,21.65,351,9.49
3111,Wisła Kraków,23666,Ekstraklasa 19/20,19/20,37,51.1,0,0,0.0,0.0,,0,0.00,0,0.00,0,0.00,0,0.00,0,0.00,805,21.76,367,9.92
3113,Zagłębie Lubin,23666,Ekstraklasa 19/20,19/20,37,50.9,0,0,0.0,0.0,,0,0.00,0,0.00,0,0.00,0,0.00,0,0.00,857,23.16,318,8.59
7691,Jagiellonia Białystok,23666,Ekstraklasa 19/20,19/20,37,50.3,0,0,0.0,0.0,,0,0.00,0,0.00,0,0.00,0,0.00,0,0.00,792,21.41,299,8.08
4901,Cracovia,23666,Ekstraklasa 19/20,19/20,37,49.5,0,0,0.0,0.0,,0,0.00,0,0.00,0,0.00,0,0.00,0,0.00,759,20.51,310,8.38
3108,Śląsk Wrocław,23666,Ekstraklasa 19/20,19/20,37,49.3,0,0,0.0,0.0,,0,0.00,0,0.00,0,0.00,0,0.00,0,0.00,859,23.22,302,8.16
5065,MKS Korona Kielce,23666,Ekstraklasa 19/20,19/20,37,49.0,0,0,0.0,0.0,,0,0.00,0,0.00,0,0.00,0,0.00,0,0.00,757,20.46,302,8.16
3122,Wisła Płock,23666,Ekstraklasa 19/20,19/20,37,48.8,0,0,0.0,0.0,,0,0.00,0,0.00,0,0.00,0,0.00,0,0.00,854,23.08,319,8.62
7918,Piast Gliwice,23666,Ekstraklasa 19/20,19/20,37,48.7,0,0,0.0,0.0,,0,0.00,0,0.00,0,0.00,0,0.00,0,0.00,800,21.62,330,8.92
7913,KS Lechia Gdańsk,23666,Ekstraklasa 19/20,19/20,37,48.7,0,0,0.0,0.0,,0,0.00,0,0.00,0,0.00,0,0.00,0,0.00,736,19.89,377,10.19
35268,Raków Częstochowa,23666,Ekstraklasa 19/20,19/20,37,47.4,0,0,0.0,0.0,,0,0.00,0,0.00,0,0.00,0,0.00,0,0.00,763,20.62,311,8.41
3110,Górnik Zabrze,23666,Ekstraklasa 19/20,19/20,37,45.8,0,0,0.0,0.0,,0,0.00,0,0.00,0,0.00,0,0.00,0,0.00,779,21.05,365,9.86
5064,MZKS Arka Gdynia,23666,Ekstraklasa 19/20,19/20,37,45.7,0,0,0.0,0.0,,0,0.00,0,0.00,0,0.00,0,0.00,0,0.00,772,20.86,382,10.32
3111,Wisła Kraków,17361,Ekstraklasa 18/19,18/19,37,53.6,0,0,0.0,0.0,,0,0.00,0,0.00,0,0.00,0,0.00,0,0.00,774,20.92,397,10.73
3106,Legia Warszawa,17361,Ekstraklasa 18/19,18/19,37,53.3,0,0,0.0,0.0,,0,0.00,0,0.00,0,0.00,0,0.00,0,0.00,860,23.24,296,8.00
3121,Lech Poznań,17361,Ekstraklasa 18/19,18/19,37,52.7,0,0,0.0,0.0,,0,0.00,0,0.00,0,0.00,0,0.00,0,0.00,817,22.08,349,9.43
3117,Pogoń Szczecin,17361,Ekstraklasa 18/19,18/19,37,52.6,0,0,0.0,0.0,,0,0.00,0,0.00,0,0.00,0,0.00,0,0.00,860,23.24,271,7.32
5065,MKS Korona Kielce,17361,Ekstraklasa 18/19,18/19,37,51.1,0,0,0.0,0.0,,0,0.00,0,0.00,0,0.00,0,0.00,0,0.00,838,22.65,251,6.78
4901,Cracovia,17361,Ekstraklasa 18/19,18/19,37,50.7,0,0,0.0,0.0,,0,0.00,0,0.00,0,0.00,0,0.00,0,0.00,774,20.92,304,8.22
7918,Piast Gliwice,17361,Ekstraklasa 18/19,18/19,37,50.0,0,0,0.0,0.0,,0,0.00,0,0.00,0,0.00,0,0.00,0,0.00,809,21.86,338,9.14
3122,Wisła Płock,17361,Ekstraklasa 18/19,18/19,37,49.7,0,0,0.0,0.0,,0,0.00,0,0.00,0,0.00,0,0.00,0,0.00,909,24.57,313,8.46
3108,Śląsk Wrocław,17361,Ekstraklasa 18/19,18/19,37,49.3,0,0,0.0,0.0,,0,0.00,0,0.00,0,0.00,0,0.00,0,0.00,914,24.70,312,8.43
3113,Zagłębie Lubin,17361,Ekstraklasa 18/19,18/19,37,48.7,0,0,0.0,0.0,,0,0.00,0,0.00,0,0.00,0,0.00,0,0.00,852,23.03,332,8.97
35330,Miedź Legnica,17361,Ekstraklasa 18/19,18/19,37,48.4,0,0,0.0,0.0,,0,0.00,0,0.00,0,0.00,0,0.00,0,0.00,726,19.62,334,9.03
7691,Jagiellonia Białystok,17361,Ekstraklasa 18/19,18/19,37,48.3,0,0,0.0,0.0,,0,0.00,0,0.00,0,0.00,0,0.00,0,0.00,873,23.59,318,8.59
7913,KS Lechia Gdańsk,17361,Ekstraklasa 18/19,18/19,37,47.9,0,0,0.0,0.0,,0,0.00,0,0.00,0,0.00,0,0.00,0,0.00,855,23.11,335,9.05
5064,MZKS Arka Gdynia,17361,Ekstraklasa 18/19,18/19,37,47.6,0,0,0.0,0.0,,0,0.00,0,0.00,0,0.00,0,0.00,0,0.00,806,21.78,388,10.49
3110,Górnik Zabrze,17361,Ekstraklasa 18/19,18/19,37,47.5,0,0,0.0,0.0,,0,0.00,0,0.00,0,0.00,0,0.00,0,0.00,846,22.86,331,8.95
7693,Zagłębie Sosnowiec,17361,Ekstraklasa 18/19,18/19,37,47.3,0,0,0.0,0.0,,0,0.00,0,0.00,0,0.00,0,0.00,0,0.00,794,21.46,345,9.32
3106,Legia Warszawa,13350,Ekstraklasa 17/18,17/18,37,54.9,0,0,0.0,0.0,,0,0.00,0,0.00,0,0.00,0,0.00,0,0.00,865,23.38,308,8.32
3121,Lech Poznań,13350,Ekstraklasa 17/18,17/18,37,53.8,0,0,0.0,0.0,,0,0.00,0,0.00,0,0.00,0,0.00,0,0.00,958,25.89,268,7.24
3117,Pogoń Szczecin,13350,Ekstraklasa 17/18,17/18,37,52.7,0,0,0.0,0.0,,0,0.00,0,0.00,0,0.00,0,0.00,0,0.00,924,24.97,263,7.11
7913,KS Lechia Gdańsk,13350,Ekstraklasa 17/18,17/18,37,52.1,0,0,0.0,0.0,,0,0.00,0,0.00,0,0.00,0,0.00,0,0.00,991,26.78,315,8.51
3113,Zagłębie Lubin,13350,Ekstraklasa 17/18,17/18,37,51.6,0,0,0.0,0.0,,0,0.00,0,0.00,0,0.00,0,0.00,0,0.00,934,25.24,330,8.92
3111,Wisła Kraków,13350,Ekstraklasa 17/18,17/18,37,51.5,0,0,0.0,0.0,,0,0.00,0,0.00,0,0.00,0,0.00,0,0.00,902,24.38,346,9.35
7691,Jagiellonia Białystok,13350,Ekstraklasa 17/18,17/18,37,51.2,0,0,0.0,0.0,,0,0.00,0,0.00,0,0.00,0,0.00,0,0.00,873,23.59,306,8.27
5065,MKS Korona Kielce,13350,Ekstraklasa 17/18,17/18,37,51.0,0,0,0.0,0.0,,0,0.00,0,0.00,0,0.00,0,0.00,0,0.00,940,25.41,301,8.14
3122,Wisła Płock,13350,Ekstraklasa 17/18,17/18,37,50.3,0,0,0.0,0.0,,0,0.00,0,0.00,0,0.00,0,0.00,0,0.00,989,26.73,294,7.95
3108,Śląsk Wrocław,13350,Ekstraklasa 17/18,17/18,37,49.6,0,0,0.0,0.0,,0,0.00,0,0.00,0,0.00,0,0.00,0,0.00,813,21.97,364,9.84
36851,Bruk-Bet Termalica Nieciecza,13350,Ekstraklasa 17/18,17/18,37,49.1,0,0,0.0,0.0,,0,0.00,0,0.00,0,0.00,0,0.00,0,0.00,942,25.46,358,9.68
7918,Piast Gliwice,13350,Ekstraklasa 17/18,17/18,36,48.2,0,0,0.0,0.0,,0,0.00,0,0.00,0,0.00,0,0.00,0,0.00,861,23.92,374,10.39
5064,MZKS Arka Gdynia,13350,Ekstraklasa 17/18,17/18,37,47.3,0,0,0.0,0.0,,0,0.00,0,0.00,0,0.00,0,0.00,0,0.00,965,26.08,379,10.24
36766,Sandecja Nowy Sącz,13350,Ekstraklasa 17/18,17/18,37,46.3,0,0,0.0,0.0,,0,0.00,0,0.00,0,0.00,0,0.00,0,0.00,940,25.41,413,11.16
4901,Cracovia,13350,Ekstraklasa 17/18,17/18,37,46.0,0,0,0.0,0.0,,0,0.00,0,0.00,0,0.00,0,0.00,0,0.00,907,24.51,393,10.62
3110,Górnik Zabrze,13350,Ekstraklasa 17/18,17/18,36,44.3,0,0,0.0,0.0,,0,0.00,0,0.00,0,0.00,0,0.00,0,0.00,863,23.97,335,9.31
3106,Legia Warszawa,11734,Ekstraklasa 16/17,16/17,37,57.3,0,0,0.0,0.0,,0,0.00,0,0.00,0,0.00,0,0.00,0,0.00,884,23.89,307,8.30
7913,KS Lechia Gdańsk,11734,Ekstraklasa 16/17,16/17,37,55.2,0,0,0.0,0.0,,0,0.00,0,0.00,0,0.00,0,0.00,0,0.00,864,23.35,314,8.49
4901,Cracovia,11734,Ekstraklasa 16/17,16/17,37,53.6,0,0,0.0,0.0,,0,0.00,0,0.00,0,0.00,0,0.00,0,0.00,929,25.11,345,9.32
3117,Pogoń Szczecin,11734,Ekstraklasa 16/17,16/17,37,53.3,0,0,0.0,0.0,,0,0.00,0,0.00,0,0.00,0,0.00,0,0.00,858,23.19,316,8.54
3121,Lech Poznań,11734,Ekstraklasa 16/17,16/17,37,51.2,0,0,0.0,0.0,,0,0.00,0,0.00,0,0.00,0,0.00,0,0.00,847,22.89,311,8.41
3111,Wisła Kraków,11734,Ekstraklasa 16/17,16/17,37,51.1,0,0,0.0,0.0,,0,0.00,0,0.00,0,0.00,0,0.00,0,0.00,908,24.54,330,8.92
7918,Piast Gliwice,11734,Ekstraklasa 16/17,16/17,37,50.7,0,0,0.0,0.0,,0,0.00,0,0.00,0,0.00,0,0.00,0,0.00,926,25.03,398,10.76
3108,Śląsk Wrocław,11734,Ekstraklasa 16/17,16/17,37,50.4,0,0,0.0,0.0,,0,0.00,0,0.00,0,0.00,0,0.00,0,0.00,884,23.89,349,9.43
3113,Zagłębie Lubin,11734,Ekstraklasa 16/17,16/17,37,50.2,0,0,0.0,0.0,,0,0.00,0,0.00,0,0.00,0,0.00,0,0.00,888,24.00,358,9.68
7691,Jagiellonia Białystok,11734,Ekstraklasa 16/17,16/17,37,47.9,0,0,0.0,0.0,,0,0.00,0,0.00,0,0.00,0,0.00,0,0.00,910,24.59,317,8.57
3105,Ruch Chorzów,11734,Ekstraklasa 16/17,16/17,37,47.8,0,0,0.0,0.0,,0,0.00,0,0.00,0,0.00,0,0.00,0,0.00,914,24.70,380,10.27
5065,MKS Korona Kielce,11734,Ekstraklasa 16/17,16/17,37,47.7,0,0,0.0,0.0,,0,0.00,0,0.00,0,0.00,0,0.00,0,0.00,908,24.54,338,9.14
5064,MZKS Arka Gdynia,11734,Ekstraklasa 16/17,16/17,37,46.4,0,0,0.0,0.0,,0,0.00,0,0.00,0,0.00,0,0.00,0,0.00,1055,28.51,335,9.05
3125,Górnik Łęczna,11734,Ekstraklasa 16/17,16/17,37,46.4,0,0,0.0,0.0,,0,0.00,0,0.00,0,0.00,0,0.00,0,0.00,861,23.27,391,10.57
3122,Wisła Płock,11734,Ekstraklasa 16/17,16/17,37,46.2,0,0,0.0,0.0,,0,0.00,0,0.00,0,0.00,0,0.00,0,0.00,915,24.73,374,10.11
36851,Bruk-Bet Termalica Nieciecza,11734,Ekstraklasa 16/17,16/17,37,44.9,0,0,0.0,0.0,,0,0.00,0,0.00,0,0.00,0,0.00,0,0.00,963,26.03,384,10.38
3106,Legia Warszawa,10361,Ekstraklasa 15/16,15/16,36,54.6,0,0,0.0,0.0,,0,0.00,0,0.00,0,0.00,0,0.00,0,0.00,996,27.67,296,8.22
3111,Wisła Kraków,10361,Ekstraklasa 15/16,15/16,35,54.5,0,0,0.0,0.0,,0,0.00,0,0.00,0,0.00,0,0.00,0,0.00,776,22.17,319,9.11
7913,KS Lechia Gdańsk,10361,Ekstraklasa 15/16,15/16,35,54.4,0,0,0.0,0.0,,0,0.00,0,0.00,0,0.00,0,0.00,0,0.00,879,25.11,269,7.69
4901,Cracovia,10361,Ekstraklasa 15/16,15/16,35,53.0,0,0,0.0,0.0,,0,0.00,0,0.00,0,0.00,0,0.00,0,0.00,915,26.14,355,10.14
3121,Lech Poznań,10361,Ekstraklasa 15/16,15/16,35,52.9,0,0,0.0,0.0,,0,0.00,0,0.00,0,0.00,0,0.00,0,0.00,919,26.26,285,8.14
7918,Piast Gliwice,10361,Ekstraklasa 15/16,15/16,35,52.3,0,0,0.0,0.0,,0,0.00,0,0.00,0,0.00,0,0.00,0,0.00,771,22.03,363,10.37
3108,Śląsk Wrocław,10361,Ekstraklasa 15/16,15/16,36,49.4,0,0,0.0,0.0,,0,0.00,0,0.00,0,0.00,0,0.00,0,0.00,972,27.00,300,8.33
36851,Bruk-Bet Termalica Nieciecza,10361,Ekstraklasa 15/16,15/16,35,49.4,0,0,0.0,0.0,,0,0.00,0,0.00,0,0.00,0,0.00,0,0.00,845,24.14,315,9.00
3110,Górnik Zabrze,10361,Ekstraklasa 15/16,15/16,36,49.1,0,0,0.0,0.0,,0,0.00,0,0.00,0,0.00,0,0.00,0,0.00,949,26.36,357,9.92
3105,Ruch Chorzów,10361,Ekstraklasa 15/16,15/16,35,48.8,0,0,0.0,0.0,,0,0.00,0,0.00,0,0.00,0,0.00,0,0.00,844,24.11,339,9.69
3113,Zagłębie Lubin,10361,Ekstraklasa 15/16,15/16,35,48.6,0,0,0.0,0.0,,0,0.00,0,0.00,0,0.00,0,0.00,0,0.00,896,25.60,340,9.71
7919,Podbeskidzie Bielsko-Biała,10361,Ekstraklasa 15/16,15/16,36,48.2,0,0,0.0,0.0,,0,0.00,0,0.00,0,0.00,0,0.00,0,0.00,886,24.61,383,10.64
3117,Pogoń Szczecin,10361,Ekstraklasa 15/16,15/16,36,47.6,0,0,0.0,0.0,,0,0.00,0,0.00,0,0.00,0,0.00,0,0.00,897,24.92,323,8.97
5065,MKS Korona Kielce,10361,Ekstraklasa 15/16,15/16,35,46.2,0,0,0.0,0.0,,0,0.00,0,0.00,0,0.00,0,0.00,0,0.00,883,25.23,328,9.37
3125,Górnik Łęczna,10361,Ekstraklasa 15/16,15/16,36,46.1,0,0,0.0,0.0,,0,0.00,0,0.00,0,0.00,0,0.00,0,0.00,782,21.72,349,9.69
7691,Jagiellonia Białystok,10361,Ekstraklasa 15/16,15/16,35,45.0,0,0,0.0,0.0,,0,0.00,0,0.00,0,0.00,0,0.00,0,0.00,857,24.49,297,8.49
3106,Legia Warszawa,8206,Ekstraklasa 14/15,14/15,37,56.6,0,0,0.0,0.0,,0,0.00,0,0.00,0,0.00,0,0.00,0,0.00,880,23.78,357,9.65
3121,Lech Poznań,8206,Ekstraklasa 14/15,14/15,37,53.7,0,0,0.0,0.0,,0,0.00,0,0.00,0,0.00,0,0.00,0,0.00,922,24.92,278,7.51
7913,KS Lechia Gdańsk,8206,Ekstraklasa 14/15,14/15,37,53.7,0,0,0.0,0.0,,0,0.00,0,0.00,0,0.00,0,0.00,0,0.00,1016,27.46,280,7.57
3111,Wisła Kraków,8206,Ekstraklasa 14/15,14/15,37,52.5,0,0,0.0,0.0,,0,0.00,0,0.00,0,0.00,0,0.00,0,0.00,899,24.30,334,9.03
3108,Śląsk Wrocław,8206,Ekstraklasa 14/15,14/15,37,51.2,0,0,0.0,0.0,,0,0.00,0,0.00,0,0.00,0,0.00,0,0.00,1010,27.30,343,9.27
35329,Zawisza Bydgoszcz,8206,Ekstraklasa 14/15,14/15,37,50.8,0,0,0.0,0.0,,0,0.00,0,0.00,0,0.00,0,0.00,0,0.00,912,24.65,316,8.54
3110,Górnik Zabrze,8206,Ekstraklasa 14/15,14/15,37,49.8,0,0,0.0,0.0,,0,0.00,0,0.00,0,0.00,0,0.00,0,0.00,909,24.57,372,10.05
4901,Cracovia,8206,Ekstraklasa 14/15,14/15,37,49.7,0,0,0.0,0.0,,0,0.00,0,0.00,0,0.00,0,0.00,0,0.00,955,25.81,373,10.08
3117,Pogoń Szczecin,8206,Ekstraklasa 14/15,14/15,37,49.4,0,0,0.0,0.0,,0,0.00,0,0.00,0,0.00,0,0.00,0,0.00,981,26.51,347,9.38
5065,MKS Korona Kielce,8206,Ekstraklasa 14/15,14/15,37,48.5,0,0,0.0,0.0,,0,0.00,0,0.00,0,0.00,0,0.00,0,0.00,1011,27.32,337,9.11
3128,GKS Bełchatów,8206,Ekstraklasa 14/15,14/15,37,48.4,0,0,0.0,0.0,,0,0.00,0,0.00,0,0.00,0,0.00,0,0.00,940,25.41,342,9.24
3105,Ruch Chorzów,8206,Ekstraklasa 14/15,14/15,37,48.2,0,0,0.0,0.0,,0,0.00,0,0.00,0,0.00,0,0.00,0,0.00,913,24.68,374,10.11
3125,Górnik Łęczna,8206,Ekstraklasa 14/15,14/15,37,47.9,0,0,0.0,0.0,,0,0.00,0,0.00,0,0.00,0,0.00,0,0.00,898,24.27,411,11.11
7918,Piast Gliwice,8206,Ekstraklasa 14/15,14/15,37,46.7,0,0,0.0,0.0,,0,0.00,0,0.00,0,0.00,0,0.00,0,0.00,850,22.97,429,11.59
7919,Podbeskidzie Bielsko-Biała,8206,Ekstraklasa 14/15,14/15,37,46.5,0,0,0.0,0.0,,0,0.00,0,0.00,0,0.00,0,0.00,0,0.00,993,26.84,332,8.97
7691,Jagiellonia Białystok,8206,Ekstraklasa 14/15,14/15,37,46.0,0,0,0.0,0.0,,0,0.00,0,0.00,0,0.00,0,0.00,0,0.00,909,24.57,396,10.70
4901,Cracovia,6261,Ekstraklasa 13/14,13/14,37,60.5,0,0,0.0,0.0,,0,0.00,0,0.00,0,0.00,0,0.00,0,0.00,529,14.30,187,5.05
3106,Legia Warszawa,6261,Ekstraklasa 13/14,13/14,36,58.1,0,0,0.0,0.0,,0,0.00,0,0.00,0,0.00,0,0.00,0,0.00,695,19.31,225,6.25
3121,Lech Poznań,6261,Ekstraklasa 13/14,13/14,37,55.0,0,0,0.0,0.0,,0,0.00,0,0.00,0,0.00,0,0.00,0,0.00,669,18.08,184,4.97
3108,Śląsk Wrocław,6261,Ekstraklasa 13/14,13/14,37,54.1,0,0,0.0,0.0,,0,0.00,0,0.00,0,0.00,0,0.00,0,0.00,604,16.32,209,5.65
3105,Ruch Chorzów,6261,Ekstraklasa 13/14,13/14,37,51.5,0,0,0.0,0.0,,0,0.00,0,0.00,0,0.00,0,0.00,0,0.00,661,17.86,256,6.92
3110,Górnik Zabrze,6261,Ekstraklasa 13/14,13/14,37,50.1,0,0,0.0,0.0,,0,0.00,0,0.00,0,0.00,0,0.00,0,0.00,739,19.97,254,6.86
7691,Jagiellonia Białystok,6261,Ekstraklasa 13/14,13/14,36,49.9,0,0,0.0,0.0,,0,0.00,0,0.00,0,0.00,0,0.00,0,0.00,561,15.58,236,6.56
3117,Pogoń Szczecin,6261,Ekstraklasa 13/14,13/14,37,49.3,0,0,0.0,0.0,,0,0.00,0,0.00,0,0.00,0,0.00,0,0.00,643,17.38,255,6.89
3111,Wisła Kraków,6261,Ekstraklasa 13/14,13/14,37,49.2,0,0,0.0,0.0,,0,0.00,0,0.00,0,0.00,0,0.00,0,0.00,591,15.97,289,7.81
35329,Zawisza Bydgoszcz,6261,Ekstraklasa 13/14,13/14,37,48.6,0,0,0.0,0.0,,0,0.00,0,0.00,0,0.00,0,0.00,0,0.00,658,17.78,222,6.00
5065,MKS Korona Kielce,6261,Ekstraklasa 13/14,13/14,37,48.0,0,0,0.0,0.0,,0,0.00,0,0.00,0,0.00,0,0.00,0,0.00,606,16.38,285,7.70
7913,KS Lechia Gdańsk,6261,Ekstraklasa 13/14,13/14,37,47.5,0,0,0.0,0.0,,0,0.00,0,0.00,0,0.00,0,0.00,0,0.00,659,17.81,253,6.84
3113,Zagłębie Lubin,6261,Ekstraklasa 13/14,13/14,37,46.0,0,0,0.0,0.0,,0,0.00,0,0.00,0,0.00,0,0.00,0,0.00,626,16.92,273,7.38
7919,Podbeskidzie Bielsko-Biała,6261,Ekstraklasa 13/14,13/14,37,44.3,0,0,0.0,0.0,,0,0.00,0,0.00,0,0.00,0,0.00,0,0.00,615,16.62,245,6.62
3115,Widzew Łódź,6261,Ekstraklasa 13/14,13/14,37,43.6,0,0,0.0,0.0,,0,0.00,0,0.00,0,0.00,0,0.00,0,0.00,507,13.70,230,6.22
7918,Piast Gliwice,6261,Ekstraklasa 13/14,13/14,37,43.0,0,0,0.0,0.0,,0,0.00,0,0.00,0,0.00,0,0.00,0,0.00,629,17.00,248,6.70
7919,Podbeskidzie Bielsko-Biała,4634,Ekstraklasa 12/13,12/13,30,,0,0,0.0,0.0,,0,0.00,0,0.00,0,0.00,0,0.00,0,0.00,0,0.00,0,0.00
3105,Ruch Chorzów,4634,Ekstraklasa 12/13,12/13,30,,0,0,0.0,0.0,,0,0.00,0,0.00,0,0.00,0,0.00,0,0.00,0,0.00,0,0.00
3106,Legia Warszawa,4634,Ekstraklasa 12/13,12/13,30,,0,0,0.0,0.0,,0,0.00,0,0.00,0,0.00,0,0.00,0,0.00,0,0.00,0,0.00
3108,Śląsk Wrocław,4634,Ekstraklasa 12/13,12/13,30,,0,0,0.0,0.0,,0,0.00,0,0.00,0,0.00,0,0.00,0,0.00,0,0.00,0,0.00
3110,Górnik Zabrze,4634,Ekstraklasa 12/13,12/13,30,,0,0,0.0,0.0,,0,0.00,0,0.00,0,0.00,0,0.00,0,0.00,0,0.00,0,0.00
3111,Wisła Kraków,4634,Ekstraklasa 12/13,12/13,30,,0,0,0.0,0.0,,0,0.00,0,0.00,0,0.00,0,0.00,0,0.00,0,0.00,0,0.00
3113,Zagłębie Lubin,4634,Ekstraklasa 12/13,12/13,30,,0,0,0.0,0.0,,0,0.00,0,0.00,0,0.00,0,0.00,0,0.00,0,0.00,0,0.00
3115,Widzew Łódź,4634,Ekstraklasa 12/13,12/13,30,,0,0,0.0,0.0,,0,0.00,0,0.00,0,0.00,0,0.00,0,0.00,0,0.00,0,0.00
3117,Pogoń Szczecin,4634,Ekstraklasa 12/13,12/13,30,,0,0,0.0,0.0,,0,0.00,0,0.00,0,0.00,0,0.00,0,0.00,0,0.00,0,0.00
3119,Polonia Warszawa,4634,Ekstraklasa 12/13,12/13,30,,0,0,0.0,0.0,,0,0.00,0,0.00,0,0.00,0,0.00,0,0.00,0,0.00,0,0.00
3121,Lech Poznań,4634,Ekstraklasa 12/13,12/13,30,,0,0,0.0,0.0,,0,0.00,0,0.00,0,0.00,0,0.00,0,0.00,0,0.00,0,0.00
3128,GKS Bełchatów,4634,Ekstraklasa 12/13,12/13,30,,0,0,0.0,0.0,,0,0.00,0,0.00,0,0.00,0,0.00,0,0.00,0,0.00,0,0.00
5065,MKS Korona Kielce,4634,Ekstraklasa 12/13,12/13,30,,0,0,0.0,0.0,,0,0.00,0,0.00,0,0.00,0,0.00,0,0.00,0,0.00,0,0.00
7691,Jagiellonia Białystok,4634,Ekstraklasa 12/13,12/13,30,,0,0,0.0,0.0,,0,0.00,0,0.00,0,0.00,0,0.00,0,0.00,0,0.00,0,0.00
7913,KS Lechia Gdańsk,4634,Ekstraklasa 12/13,12/13,30,,0,0,0.0,0.0,,0,0.00,0,0.00,0,0.00,0,0.00,0,0.00,0,0.00,0,0.00
7918,Piast Gliwice,4634,Ekstraklasa 12/13,12/13,30,,0,0,0.0,0.0,,0,0.00,0,0.00,0,0.00,0,0.00,0,0.00,0,0.00,0,0.00
3105,Ruch Chorzów,3411,Ekstraklasa 11/12,11/12,30,,0,0,0.0,0.0,,0,0.00,0,0.00,0,0.00,0,0.00,0,0.00,0,0.00,0,0.00
3106,Legia Warszawa,3411,Ekstraklasa 11/12,11/12,30,,0,0,0.0,0.0,,0,0.00,0,0.00,0,0.00,0,0.00,0,0.00,0,0.00,0,0.00
3108,Śląsk Wrocław,3411,Ekstraklasa 11/12,11/12,30,,0,0,0.0,0.0,,0,0.00,0,0.00,0,0.00,0,0.00,0,0.00,0,0.00,0,0.00
3110,Górnik Zabrze,3411,Ekstraklasa 11/12,11/12,30,,0,0,0.0,0.0,,0,0.00,0,0.00,0,0.00,0,0.00,0,0.00,0,0.00,0,0.00
3111,Wisła Kraków,3411,Ekstraklasa 11/12,11/12,30,,0,0,0.0,0.0,,0,0.00,0,0.00,0,0.00,0,0.00,0,0.00,0,0.00,0,0.00
3113,Zagłębie Lubin,3411,Ekstraklasa 11/12,11/12,30,,0,0,0.0,0.0,,0,0.00,0,0.00,0,0.00,0,0.00,0,0.00,0,0.00,0,0.00
3115,Widzew Łódź,3411,Ekstraklasa 11/12,11/12,30,,0,0,0.0,0.0,,0,0.00,0,0.00,0,0.00,0,0.00,0,0.00,0,0.00,0,0.00
3119,Polonia Warszawa,3411,Ekstraklasa 11/12,11/12,30,,0,0,0.0,0.0,,0,0.00,0,0.00,0,0.00,0,0.00,0,0.00,0,0.00,0,0.00
3121,Lech Poznań,3411,Ekstraklasa 11/12,11/12,30,,0,0,0.0,0.0,,0,0.00,0,0.00,0,0.00,0,0.00,0,0.00,0,0.00,0,0.00
3123,ŁKS Łódź,3411,Ekstraklasa 11/12,11/12,30,,0,0,0.0,0.0,,0,0.00,0,0.00,0,0.00,0,0.00,0,0.00,0,0.00,0,0.00
3128,GKS Bełchatów,3411,Ekstraklasa 11/12,11/12,30,,0,0,0.0,0.0,,0,0.00,0,0.00,0,0.00,0,0.00,0,0.00,0,0.00,0,0.00
4901,Cracovia,3411,Ekstraklasa 11/12,11/12,30,,0,0,0.0,0.0,,0,0.00,0,0.00,0,0.00,0,0.00,0,0.00,0,0.00,0,0.00
5065,MKS Korona Kielce,3411,Ekstraklasa 11/12,11/12,30,,0,0,0.0,0.0,,0,0.00,0,0.00,0,0.00,0,0.00,0,0.00,0,0.00,0,0.00
7691,Jagiellonia Białystok,3411,Ekstraklasa 11/12,11/12,30,,0,0,0.0,0.0,,0,0.00,0,0.00,0,0.00,0,0.00,0,0.00,0,0.00,0,0.00
7913,KS Lechia Gdańsk,3411,Ekstraklasa 11/12,11/12,30,,0,0,0.0,0.0,,0,0.00,0,0.00,0,0.00,0,0.00,0,0.00,0,0.00,0,0.00
7919,Podbeskidzie Bielsko-Biała,3411,Ekstraklasa 11/12,11/12,30,,0,0,0.0,0.0,,0,0.00,0,0.00,0,0.00,0,0.00,0,0.00,0,0.00,0,0.00
3105,Ruch Chorzów,2737,Ekstraklasa 10/11,10/11,30,,0,0,0.0,0.0,,0,0.00,0,0.00,0,0.00,0,0.00,0,0.00,0,0.00,0,0.00
3106,Legia Warszawa,2737,Ekstraklasa 10/11,10/11,30,,0,0,0.0,0.0,,0,0.00,0,0.00,0,0.00,0,0.00,0,0.00,0,0.00,0,0.00
3108,Śląsk Wrocław,2737,Ekstraklasa 10/11,10/11,30,,0,0,0.0,0.0,,0,0.00,0,0.00,0,0.00,0,0.00,0,0.00,0,0.00,0,0.00
3110,Górnik Zabrze,2737,Ekstraklasa 10/11,10/11,30,,0,0,0.0,0.0,,0,0.00,0,0.00,0,0.00,0,0.00,0,0.00,0,0.00,0,0.00
3111,Wisła Kraków,2737,Ekstraklasa 10/11,10/11,30,,0,0,0.0,0.0,,0,0.00,0,0.00,0,0.00,0,0.00,0,0.00,0,0.00,0,0.00
3113,Zagłębie Lubin,2737,Ekstraklasa 10/11,10/11,30,,0,0,0.0,0.0,,0,0.00,0,0.00,0,0.00,0,0.00,0,0.00,0,0.00,0,0.00
3115,Widzew Łódź,2737,Ekstraklasa 10/11,10/11,30,,0,0,0.0,0.0,,0,0.00,0,0.00,0,0.00,0,0.00,0,0.00,0,0.00,0,0.00
3119,Polonia Warszawa,2737,Ekstraklasa 10/11,10/11,30,,0,0,0.0,0.0,,0,0.00,0,0.00,0,0.00,0,0.00,0,0.00,0,0.00,0,0.00
3121,Lech Poznań,2737,Ekstraklasa 10/11,10/11,30,,0,0,0.0,0.0,,0,0.00,0,0.00,0,0.00,0,0.00,0,0.00,0,0.00,0,0.00
3128,GKS Bełchatów,2737,Ekstraklasa 10/11,10/11,30,,0,0,0.0,0.0,,0,0.00,0,0.00,0,0.00,0,0.00,0,0.00,0,0.00,0,0.00
4901,Cracovia,2737,Ekstraklasa 10/11,10/11,30,,0,0,0.0,0.0,,0,0.00,0,0.00,0,0.00,0,0.00,0,0.00,0,0.00,0,0.00
5064,MZKS Arka Gdynia,2737,Ekstraklasa 10/11,10/11,30,,0,0,0.0,0.0,,0,0.00,0,0.00,0,0.00,0,0.00,0,0.00,0,0.00,0,0.00
5065,MKS Korona Kielce,2737,Ekstraklasa 10/11,10/11,30,,0,0,0.0,0.0,,0,0.00,0,0.00,0,0.00,0,0.00,0,0.00,0,0.00,0,0.00
7691,Jagiellonia Białystok,2737,Ekstraklasa 10/11,10/11,30,,0,0,0.0,0.0,,0,0.00,0,0.00,0,0.00,0,0.00,0,0.00,0,0.00,0,0.00
7692,Polonia Bytom,2737,Ekstraklasa 10/11,10/11,30,,0,0,0.0,0.0,,0,0.00,0,0.00,0,0.00,0,0.00,0,0.00,0,0.00,0,0.00
7913,KS Lechia Gdańsk,2737,Ekstraklasa 10/11,10/11,30,,0,0,0.0,0.0,,0,0.00,0,0.00,0,0.00,0,0.00,0,0.00,0,0.00,0,0.00
3105,Ruch Chorzów,2275,Ekstraklasa 09/10,09/10,30,,0,0,0.0,0.0,,0,0.00,0,0.00,0,0.00,0,0.00,0,0.00,0,0.00,0,0.00
3106,Legia Warszawa,2275,Ekstraklasa 09/10,09/10,30,,0,0,0.0,0.0,,0,0.00,0,0.00,0,0.00,0,0.00,0,0.00,0,0.00,0,0.00
3108,Śląsk Wrocław,2275,Ekstraklasa 09/10,09/10,30,,0,0,0.0,0.0,,0,0.00,0,0.00,0,0.00,0,0.00,0,0.00,0,0.00,0,0.00
3111,Wisła Kraków,2275,Ekstraklasa 09/10,09/10,30,,0,0,0.0,0.0,,0,0.00,0,0.00,0,0.00,0,0.00,0,0.00,0,0.00,0,0.00
3113,Zagłębie Lubin,2275,Ekstraklasa 09/10,09/10,30,,0,0,0.0,0.0,,0,0.00,0,0.00,0,0.00,0,0.00,0,0.00,0,0.00,0,0.00
3114,MKS Odra Wodzisław Śląski,2275,Ekstraklasa 09/10,09/10,30,,0,0,0.0,0.0,,0,0.00,0,0.00,0,0.00,0,0.00,0,0.00,0,0.00,0,0.00
3119,Polonia Warszawa,2275,Ekstraklasa 09/10,09/10,30,,0,0,0.0,0.0,,0,0.00,0,0.00,0,0.00,0,0.00,0,0.00,0,0.00,0,0.00
3121,Lech Poznań,2275,Ekstraklasa 09/10,09/10,30,,0,0,0.0,0.0,,0,0.00,0,0.00,0,0.00,0,0.00,0,0.00,0,0.00,0,0.00
3128,GKS Bełchatów,2275,Ekstraklasa 09/10,09/10,30,,0,0,0.0,0.0,,0,0.00,0,0.00,0,0.00,0,0.00,0,0.00,0,0.00,0,0.00
4901,Cracovia,2275,Ekstraklasa 09/10,09/10,30,,0,0,0.0,0.0,,0,0.00,0,0.00,0,0.00,0,0.00,0,0.00,0,0.00,0,0.00
5064,MZKS Arka Gdynia,2275,Ekstraklasa 09/10,09/10,30,,0,0,0.0,0.0,,0,0.00,0,0.00,0,0.00,0,0.00,0,0.00,0,0.00,0,0.00
5065,MKS Korona Kielce,2275,Ekstraklasa 09/10,09/10,30,,0,0,0.0,0.0,,0,0.00,0,0.00,0,0.00,0,0.00,0,0.00,0,0.00,0,0.00
7691,Jagiellonia Białystok,2275,Ekstraklasa 09/10,09/10,30,,0,0,0.0,0.0,,0,0.00,0,0.00,0,0.00,0,0.00,0,0.00,0,0.00,0,0.00
7692,Polonia Bytom,2275,Ekstraklasa 09/10,09/10,30,,0,0,0.0,0.0,,0,0.00,0,0.00,0,0.00,0,0.00,0,0.00,0,0.00,0,0.00
7913,KS Lechia Gdańsk,2275,Ekstraklasa 09/10,09/10,30,,0,0,0.0,0.0,,0,0.00,0,0.00,0,0.00,0,0.00,0,0.00,0,0.00,0,0.00
7918,Piast Gliwice,2275,Ekstraklasa 09/10,09/10,30,,0,0,0.0,0.0,,0,0.00,0,0.00,0,0.00,0,0.00,0,0.00,0,0.00,0,0.00
3105,Ruch Chorzów,1691,Ekstraklasa 08/09,08/09,30,,0,0,0.0,0.0,,0,0.00,0,0.00,0,0.00,0,0.00,0,0.00,0,0.00,0,0.00
3106,Legia Warszawa,1691,Ekstraklasa 08/09,08/09,30,,0,0,0.0,0.0,,0,0.00,0,0.00,0,0.00,0,0.00,0,0.00,0,0.00,0,0.00
3108,Śląsk Wrocław,1691,Ekstraklasa 08/09,08/09,30,,0,0,0.0,0.0,,0,0.00,0,0.00,0,0.00,0,0.00,0,0.00,0,0.00,0,0.00
3110,Górnik Zabrze,1691,Ekstraklasa 08/09,08/09,31,,0,0,0.0,0.0,,0,0.00,0,0.00,0,0.00,0,0.00,0,0.00,0,0.00,0,0.00
3111,Wisła Kraków,1691,Ekstraklasa 08/09,08/09,30,,0,0,0.0,0.0,,0,0.00,0,0.00,0,0.00,0,0.00,0,0.00,0,0.00,0,0.00
3114,MKS Odra Wodzisław Śląski,1691,Ekstraklasa 08/09,08/09,30,,0,0,0.0,0.0,,0,0.00,0,0.00,0,0.00,0,0.00,0,0.00,0,0.00,0,0.00
3119,Polonia Warszawa,1691,Ekstraklasa 08/09,08/09,30,,0,0,0.0,0.0,,0,0.00,0,0.00,0,0.00,0,0.00,0,0.00,0,0.00,0,0.00
3121,Lech Poznań,1691,Ekstraklasa 08/09,08/09,30,,0,0,0.0,0.0,,0,0.00,0,0.00,0,0.00,0,0.00,0,0.00,0,0.00,0,0.00
3123,ŁKS Łódź,1691,Ekstraklasa 08/09,08/09,30,,0,0,0.0,0.0,,0,0.00,0,0.00,0,0.00,0,0.00,0,0.00,0,0.00,0,0.00
3128,GKS Bełchatów,1691,Ekstraklasa 08/09,08/09,30,,0,0,0.0,0.0,,0,0.00,0,0.00,0,0.00,0,0.00,0,0.00,0,0.00,0,0.00
4901,Cracovia,1691,Ekstraklasa 08/09,08/09,30,,0,0,0.0,0.0,,0,0.00,0,0.00,0,0.00,0,0.00,0,0.00,0,0.00,0,0.00
5064,MZKS Arka Gdynia,1691,Ekstraklasa 08/09,08/09,30,,0,0,0.0,0.0,,0,0.00,0,0.00,0,0.00,0,0.00,0,0.00,0,0.00,0,0.00
7691,Jagiellonia Białystok,1691,Ekstraklasa 08/09,08/09,30,,0,0,0.0,0.0,,0,0.00,0,0.00,0,0.00,0,0.00,0,0.00,0,0.00,0,0.00
7692,Polonia Bytom,1691,Ekstraklasa 08/09,08/09,30,,0,0,0.0,0.0,,0,0.00,0,0.00,0,0.00,0,0.00,0,0.00,0,0.00,0,0.00
7913,KS Lechia Gdańsk,1691,Ekstraklasa 08/09,08/09,30,,0,0,0.0,0.0,,0,0.00,0,0.00,0,0.00,0,0.00,0,0.00,0,0.00,0,0.00
7918,Piast Gliwice,1691,Ekstraklasa 08/09,08/09,31,,0,0,0.0,0.0,,0,0.00,0,0.00,0,0.00,0,0.00,0,0.00,0,0.00,0,0.00
